Id,Label,timeset,indegree,outdegree,Degree,weighted indegree,weighted outdegree,Weighted Degree,Eccentricity,closnesscentrality,harmonicclosnesscentrality,betweenesscentrality,modularity_class
MarcoIazzet,MarcoIazzet,,0,2,2,0,2,2,3,0.45,0.537037,0,0
_fernandeslais,_fernandeslais,,2,0,2,2,0,2,0,0,0,0,0
riachuelo,riachuelo,,656,4,660,963,6,969,2,0.636364,0.714286,0.007008,1
MarcioGS5,MarcioGS5,,0,2,2,0,3,3,3,0.45,0.537037,0,1
rrrafus,rrrafus,,0,1,1,0,1,1,3,0.421053,0.479167,0,1
NesCoffein,NesCoffein,,0,1,1,0,1,1,3,0.421053,0.479167,0,1
Danibrents,Danibrents,,0,1,1,0,1,1,3,0.421053,0.479167,0,1
feluzbraga,feluzbraga,,0,1,1,0,1,1,3,0.421053,0.479167,0,1
thalxn_,thalxn_,,0,1,1,0,1,1,3,0.421053,0.479167,0,1
gscheidttt,gscheidttt,,0,2,2,0,2,2,3,0.45,0.537037,0,2
suayonce,suayonce,,1,0,1,1,0,1,0,0,0,0,2
VidaJOAO29,VidaJOAO29,,0,1,1,0,1,1,3,0.421053,0.479167,0,1
Souojava,Souojava,,0,1,1,0,1,1,3,0.421053,0.479167,0,1
Behenck_pedro,Behenck_pedro,,0,1,1,0,1,1,3,0.421053,0.479167,0,1
eusantos_54,eusantos_54,,0,1,1,0,1,1,3,0.421053,0.479167,0,1
crazy_together2,crazy_together2,,0,2,2,0,2,2,3,0.45,0.537037,0,3
ChiefOjimhop,ChiefOjimhop,,1,0,1,1,0,1,0,0,0,0,3
thefamouswho,thefamouswho,,0,2,2,0,2,2,3,0.45,0.537037,0,4
ReclameAQUI,ReclameAQUI,,1,0,1,1,0,1,0,0,0,0,4
putsmel_,putsmel_,,0,4,4,0,4,4,3,0.5,0.588889,0,5
eujuliovictor,eujuliovictor,,2,3,5,2,3,5,3,0.482759,0.559524,0,5
sad_chl0e,sad_chl0e,,2,3,5,2,3,5,3,0.482759,0.559524,0,5
Lojas_Renner,Lojas_Renner,,8,5,13,8,5,13,3,0.521739,0.652778,0.000037,1
LagNicoleti,LagNicoleti,,1,2,3,1,3,4,3,0.421053,0.479167,0,1
JuuhCristini,JuuhCristini,,0,1,1,0,3,3,3,0.421053,0.479167,0,1
Aquariusdboyy,Aquariusdboyy,,15,47,62,22,103,125,3,0.820896,0.915152,0.009426,1
le_lelelele_le,le_lelelele_le,,1,1,2,1,1,2,3,0.421053,0.479167,0,1
gatitospink,gatitospink,,0,1,1,0,1,1,3,0.421053,0.479167,0,1
DudaBrave,DudaBrave,,1,2,3,1,4,5,3,0.45,0.537037,0,1
vhstucky,vhstucky,,1,2,3,2,2,4,3,0.45,0.537037,0,1
liviiacrz,liviiacrz,,0,1,1,0,2,2,3,0.421053,0.479167,0,1
Marcustuh2019,Marcustuh2019,,1,1,2,1,2,3,3,0.421053,0.479167,0,1
sassiprado,sassiprado,,0,1,1,0,1,1,3,0.421053,0.479167,0,1
neliapaulagalo,neliapaulagalo,,0,3,3,0,3,3,3,0.47619,0.583333,0,6
MaryKayBrasil,MaryKayBrasil,,1,0,1,1,0,1,0,0,0,0,6
dmake,dmake,,1,0,1,1,0,1,0,0,0,0,6
DaniloTCruzeiro,DaniloTCruzeiro,,0,4,4,0,4,4,3,0.5,0.621212,0,1
meudigio,meudigio,,1,0,1,1,0,1,0,0,0,0,1
nubank,nubank,,1,0,1,1,0,1,0,0,0,0,1
dvixzx,dvixzx,,0,1,1,0,1,1,3,0.421053,0.479167,0,1
hugohazevedo,hugohazevedo,,0,1,1,0,1,1,3,0.421053,0.479167,0,1
lucasmsouza,lucasmsouza,,0,4,4,0,4,4,3,0.526316,0.65,0,8
crisalbuquer75,crisalbuquer75,,1,0,1,1,0,1,0,0,0,0,8
Brasileirao,Brasileirao,,4,0,4,4,0,4,0,0,0,0,8
guarana,guarana,,4,0,4,11,0,11,0,0,0,0,15
gaby_sccp7,gaby_sccp7,,0,1,1,0,2,2,3,0.421053,0.479167,0,1
Gih_Polonii,Gih_Polonii,,1,2,3,1,2,3,3,0.421053,0.479167,0,1
oandrericardos,oandrericardos,,0,2,2,0,2,2,3,0.45,0.537037,0,7
Ferreira18Eli,Ferreira18Eli,,1,1,2,1,1,2,3,0.421053,0.479167,0,7
byheryka,byheryka,,0,1,1,0,2,2,3,0.421053,0.479167,0,1
Lfelipefiuza,Lfelipefiuza,,0,1,1,0,1,1,3,0.421053,0.479167,0,1
Damm_vitu,Damm_vitu,,0,1,1,0,1,1,3,0.421053,0.479167,0,1
Albert_boni,Albert_boni,,0,1,1,0,1,1,3,0.421053,0.479167,0,1
Marii_Tavaresss,Marii_Tavaresss,,0,1,1,0,2,2,3,0.421053,0.479167,0,1
allpis,allpis,,0,6,6,0,6,6,2,0.8,0.875,0,8
BRFeminino,BRFeminino,,11,5,16,11,5,16,2,0.777778,0.857143,0.00405,8
TerraPedroDias,TerraPedroDias,,2,5,7,2,5,7,2,0.777778,0.857143,0,8
assaioficial,assaioficial,,5,0,5,5,0,5,0,0,0,0,8
neoenergiaElekt,neoenergiaElekt,,3,0,3,3,0,3,0,0,0,0,8
EuRobo36,EuRobo36,,0,2,2,0,2,2,3,0.45,0.537037,0,9
flaviogr,flaviogr,,1,0,1,1,0,1,0,0,0,0,9
eduardodias1991,eduardodias1991,,0,1,1,0,2,2,3,0.421053,0.479167,0,1
Dani_wave,Dani_wave,,0,2,2,0,2,2,3,0.45,0.537037,0,10
lariszaaa,lariszaaa,,1,0,1,1,0,1,0,0,0,0,10
Fefolety13,Fefolety13,,1,2,3,1,32,33,3,0.421053,0.479167,0,1
V0GUEHIDS,V0GUEHIDS,,1,2,3,1,2,3,3,0.45,0.537037,0,11
arkhazelfav,arkhazelfav,,1,2,3,1,2,3,3,0.45,0.537037,0,11
BrMavericks,BrMavericks,,0,1,1,0,2,2,3,0.421053,0.479167,0,1
thayanerg,thayanerg,,0,1,1,0,1,1,3,0.421053,0.479167,0,1
hcfuracao,hcfuracao,,0,1,1,0,2,2,3,0.421053,0.479167,0,1
vicentefbs,vicentefbs,,0,1,1,0,1,1,3,0.421053,0.479167,0,1
sosvieira,sosvieira,,0,1,1,0,1,1,3,0.421053,0.479167,0,1
turnisco,turnisco,,0,1,1,0,1,1,3,0.421053,0.479167,0,1
lrrnag,lrrnag,,1,2,3,1,3,4,3,0.486726,0.50303,0,1
vnuneso,vnuneso,,0,1,1,0,2,2,3,0.421053,0.479167,0,1
alvexxt,alvexxt,,0,2,2,0,2,2,3,0.45,0.537037,0,12
My_gabi7,My_gabi7,,1,0,1,1,0,1,0,0,0,0,12
MinasdoTimao,MinasdoTimao,,0,2,2,0,6,6,3,0.45,0.537037,0,8
dibradoras,dibradoras,,11,1,12,17,2,19,3,0.421053,0.479167,0.000025,8
biatemperini1,biatemperini1,,0,1,1,0,2,2,3,0.421053,0.479167,0,1
toughkookr,toughkookr,,1,1,2,1,1,2,3,0.421053,0.479167,0,1
afracordeiro,afracordeiro,,1,1,2,1,1,2,3,0.421053,0.479167,0,1
StefaniGeulia,StefaniGeulia,,0,2,2,0,3,3,3,0.444444,0.541667,0,1
SCCPFutFeminino,SCCPFutFeminino,,11,0,11,12,0,12,0,0,0,0,1
pjdeuk,pjdeuk,,0,2,2,0,2,2,3,0.45,0.537037,0,13
tracklist,tracklist,,1,0,1,1,0,1,0,0,0,0,13
johnnyjpmendes,johnnyjpmendes,,0,9,9,0,72,72,1,1,1,0,15
pontofrio,pontofrio,,1,0,1,8,0,8,0,0,0,0,15
LojaNike,LojaNike,,1,0,1,8,0,8,0,0,0,0,15
VisaBR,VisaBR,,1,0,1,8,0,8,0,0,0,0,15
Ambev,Ambev,,3,0,3,10,0,10,0,0,0,0,15
johnsonsbabybr,johnsonsbabybr,,1,0,1,8,0,8,0,0,0,0,15
submarino,submarino,,1,0,1,8,0,8,0,0,0,0,15
americanascom,americanascom,,7,0,7,14,0,14,0,0,0,0,15
Siemens_Brasil,Siemens_Brasil,,1,0,1,8,0,8,0,0,0,0,15
hiztaev,hiztaev,,0,1,1,0,1,1,3,0.421053,0.479167,0,1
biamaia_18,biamaia_18,,0,1,1,0,1,1,3,0.421053,0.479167,0,1
fromguaruja,fromguaruja,,0,1,1,0,1,1,3,0.421053,0.479167,0,1
rscianni,rscianni,,0,2,2,0,2,2,3,0.45,0.537037,0,15
tamires,tamires,,3,0,3,3,0,3,0,0,0,0,15
jenyfferthaisa,jenyfferthaisa,,0,1,1,0,1,1,3,0.421053,0.479167,0,1
tripmalu,tripmalu,,0,1,1,0,1,1,3,0.421053,0.479167,0,1
MAKIIM4,MAKIIM4,,0,1,1,0,1,1,3,0.421053,0.479167,0,1
ganjapagirl,ganjapagirl,,0,1,1,0,1,1,3,0.421053,0.479167,0,1
copinho_swiftie,copinho_swiftie,,0,4,4,0,12,12,3,0.5,0.621212,0,1
InfoGirafa,InfoGirafa,,7,1,8,10,2,12,3,0.421053,0.479167,0,1
ranucacto,ranucacto,,0,5,5,0,10,10,3,0.521739,0.652778,0,1
bicalhou,bicalhou,,0,2,2,0,2,2,3,0.45,0.537037,0,1
bkaalimann,bkaalimann,,0,2,2,0,4,4,3,0.45,0.537037,0,1
eCommerce_Br,eCommerce_Br,,0,2,2,0,2,2,3,0.45,0.537037,0,14
AdyenBrasil,AdyenBrasil,,1,0,1,1,0,1,0,0,0,0,14
hobivantae_,hobivantae_,,0,1,1,0,1,1,3,0.421053,0.479167,0,1
assranu,assranu,,0,2,2,0,2,2,3,0.45,0.537037,0,1
qgranu,qgranu,,6,1,7,9,1,10,3,0.421053,0.479167,0,1
ranuincrivel,ranuincrivel,,0,2,2,0,4,4,3,0.45,0.537037,0,1
Comentoemfamoso,Comentoemfamoso,,0,1,1,0,2,2,3,0.421053,0.479167,0,1
MarinneQ,MarinneQ,,0,1,1,0,1,1,3,0.421053,0.479167,0,1
tucokkk,tucokkk,,0,1,1,0,1,1,3,0.421053,0.479167,0,1
eduardo02899551,eduardo02899551,,0,1,1,0,1,1,3,0.421053,0.479167,0,1
Mara67449398,Mara67449398,,0,1,1,0,2,2,3,0.421053,0.479167,0,1
latxins,latxins,,0,1,1,0,1,1,3,0.421053,0.479167,0,1
thomapeitoess,thomapeitoess,,0,1,1,0,1,1,3,0.421053,0.479167,0,1
gabionlife,gabionlife,,0,6,6,0,8,8,3,0.571429,0.708333,0,15
NeoenergiaBR,NeoenergiaBR,,2,0,2,2,0,2,0,0,0,0,15
UniasselviBR,UniasselviBR,,2,0,2,2,0,2,0,0,0,0,15
Fernandabolive,Fernandabolive,,0,6,6,0,6,6,3,0.571429,0.708333,0,15
Criss_Lopes_,Criss_Lopes_,,0,1,1,0,2,2,3,0.421053,0.479167,0,1
Zersom,Zersom,,0,1,1,0,1,1,3,0.421053,0.479167,0,1
cabradatech,cabradatech,,2,3,5,2,8,10,3,0.47619,0.583333,0.000002,1
fancybitch__,fancybitch__,,1,3,4,1,4,5,3,0.47619,0.583333,0,1
danjustino,danjustino,,2,2,4,5,3,8,3,0.454545,0.533333,0,1
MnicaCesar4,MnicaCesar4,,0,3,3,0,4,4,2,0.6,0.666667,0,8
Leandro_Gomes15,Leandro_Gomes15,,0,1,1,0,2,2,3,0.421053,0.479167,0,1
Jay_SCCP,Jay_SCCP,,0,3,3,0,8,8,2,0.6,0.666667,0,1
dannyelleellen1,dannyelleellen1,,0,1,1,0,2,2,3,0.421053,0.479167,0,1
Raissasales__r,Raissasales__r,,0,1,1,0,2,2,3,0.421053,0.479167,0,1
sccpeduardax,sccpeduardax,,0,1,1,0,2,2,3,0.421053,0.479167,0,1
Mulher_Noticia,Mulher_Noticia,,0,2,2,0,4,4,3,0.45,0.537037,0,8
fem_com,fem_com,,0,3,3,0,3,3,2,0.6,0.666667,0,8
palmirasccp,palmirasccp,,0,3,3,0,9,9,3,0.473684,0.592593,0,1
MarcileneGS,MarcileneGS,,0,2,2,0,3,3,3,0.444444,0.541667,0,1
VitalinoLuciana,VitalinoLuciana,,0,2,2,0,3,3,3,0.444444,0.541667,0,1
sofyxaa,sofyxaa,,0,2,2,0,3,3,3,0.444444,0.541667,0,1
tathiane_vidal,tathiane_vidal,,0,1,1,0,2,2,3,0.421053,0.479167,0,1
cleciobubela,cleciobubela,,0,4,4,0,5,5,2,0.625,0.7,0,1
gaabiportilho,gaabiportilho,,1,0,1,1,0,1,0,0,0,0,1
adoledd,adoledd,,0,2,2,0,4,4,3,0.45,0.537037,0,8
helleng2g,helleng2g,,0,2,2,0,3,3,3,0.444444,0.541667,0,1
stratocarla,stratocarla,,0,2,2,0,3,3,3,0.444444,0.541667,0,1
Gabriel81405223,Gabriel81405223,,0,2,2,0,2,2,3,0.45,0.537037,0,1
porranacarolina,porranacarolina,,1,1,2,1,2,3,3,0.421053,0.479167,0,1
ViasDEbelem,ViasDEbelem,,0,1,1,0,1,1,3,0.421053,0.479167,0,1
WalderlaLima,WalderlaLima,,0,1,1,0,1,1,3,0.421053,0.479167,0,1
scdsr_,scdsr_,,2,3,5,2,3,5,3,0.47619,0.583333,0.000002,16
Kennya_S2,Kennya_S2,,1,3,4,1,3,4,3,0.47619,0.583333,0,16
aline_uchoa,aline_uchoa,,2,2,4,2,3,5,3,0.454545,0.533333,0,16
Lari_NC,Lari_NC,,0,2,2,0,2,2,3,0.444444,0.541667,0,1
enjoycex5,enjoycex5,,0,2,2,0,2,2,2,0.571429,0.625,0,8
firrheart,firrheart,,0,1,1,0,1,1,3,0.421053,0.479167,0,1
munnizletticia,munnizletticia,,0,2,2,0,2,2,2,0.571429,0.625,0,8
Fabricc73966829,Fabricc73966829,,0,1,1,0,1,1,3,0.421053,0.479167,0,1
Angelica_Souza,Angelica_Souza,,0,4,4,0,4,4,2,0.666667,0.75,0,1
Palmeiras_FEM,Palmeiras_FEM,,3,0,3,3,0,3,0,0,0,0,1
jhoseokmrlindo,jhoseokmrlindo,,2,9,11,2,9,11,3,0.522523,0.566092,0,1
Geanysouza3,Geanysouza3,,2,9,11,2,9,11,3,0.522523,0.566092,0,1
naniiikpop,naniiikpop,,10,7,17,11,21,32,3,0.509259,0.542424,0,1
Rhu_Tavares,Rhu_Tavares,,9,6,15,12,22,34,3,0.509259,0.542424,0,1
Beccky23,Beccky23,,139,8,147,158,11,169,3,0.514019,0.551515,0.009255,25
BTSxBRAZIL,BTSxBRAZIL,,16,2,18,22,2,24,3,0.359477,0.381818,0,1
BT21_,BT21_,,33,0,33,45,0,45,0,0,0,0,1
Leeticia_rj,Leeticia_rj,,2,9,11,2,9,11,3,0.522523,0.566092,0,1
amandaporfirios,amandaporfirios,,0,5,5,0,5,5,2,0.692308,0.777778,0,1
needyexiles,needyexiles,,0,1,1,0,1,1,3,0.421053,0.479167,0,1
lidikaforfun,lidikaforfun,,0,3,3,0,10,10,3,0.47619,0.583333,0,1
palmeiraszip,palmeiraszip,,0,1,1,0,1,1,3,0.421053,0.479167,0,1
heymisterpanda,heymisterpanda,,0,2,2,0,2,2,3,0.45,0.537037,0,17
bchartsnet,bchartsnet,,1,0,1,1,0,1,0,0,0,0,17
causcruz,causcruz,,0,1,1,0,1,1,3,0.421053,0.479167,0,1
chxeIisa,chxeIisa,,0,1,1,0,2,2,3,0.421053,0.479167,0,1
Guilherme_9,Guilherme_9,,0,1,1,0,1,1,4,0.321429,0.388889,0,8
____W00dst0ck__,____W00dst0ck__,,0,1,1,0,1,1,4,0.321429,0.388889,0,8
likesimmons,likesimmons,,0,1,1,0,1,1,3,0.421053,0.479167,0,1
J1SUNGCF,J1SUNGCF,,0,1,1,0,1,1,3,0.421053,0.479167,0,1
kamillysccp_,kamillysccp_,,0,1,1,0,2,2,3,0.421053,0.479167,0,1
Jlia64696316,Jlia64696316,,0,1,1,0,1,1,3,0.421053,0.479167,0,1
sussaonussr,sussaonussr,,0,1,1,0,1,1,3,0.421053,0.479167,0,1
r4yoliveira,r4yoliveira,,0,1,1,0,1,1,3,0.421053,0.479167,0,1
Bessie_yaa,Bessie_yaa,,1,5,6,1,5,6,3,0.371795,0.413793,0,1
Framseok,Framseok,,1,5,6,1,7,8,3,0.371795,0.413793,0,1
_LuaDeMari,_LuaDeMari,,2,7,9,2,9,11,3,0.513761,0.550595,0.00007,1
beatrizrqz,beatrizrqz,,0,1,1,0,1,1,3,0.421053,0.479167,0,1
adrii_kf,adrii_kf,,0,1,1,0,1,1,3,0.421053,0.479167,0,1
djalmadias130,djalmadias130,,0,1,1,0,1,1,3,0.421053,0.479167,0,1
rebelheartz,rebelheartz,,0,1,1,0,1,1,3,0.421053,0.479167,0,1
army_loveyours,army_loveyours,,0,7,7,0,7,7,3,0.513761,0.550595,0,1
gtvsmo,gtvsmo,,1,3,4,1,5,6,3,0.364238,0.393939,0,1
MarcoDeusdotrov,MarcoDeusdotrov,,0,4,4,0,4,4,3,0.5,0.621212,0,18
kikitofazer,kikitofazer,,2,1,3,2,1,3,3,0.421053,0.479167,0,18
ColunadoFla,ColunadoFla,,1,2,3,1,2,3,3,0.45,0.537037,0,18
Flamengo,Flamengo,,1,0,1,1,0,1,0,0,0,0,18
kamadegatocat,kamadegatocat,,0,1,1,0,1,1,3,0.421053,0.479167,0,1
retroddun,retroddun,,0,1,1,0,1,1,3,0.421053,0.479167,0,1
Minnie_Duda,Minnie_Duda,,0,2,2,0,2,2,3,0.36129,0.383929,0,25
ilyurreax,ilyurreax,,1,2,3,1,2,3,3,0.45,0.537037,0,19
wisesabys,wisesabys,,1,2,3,1,2,3,3,0.45,0.537037,0,19
cunhaa08,cunhaa08,,0,1,1,0,1,1,3,0.421053,0.479167,0,1
hopwfilm,hopwfilm,,0,7,7,0,7,7,3,0.513761,0.550595,0,1
napazdosgames,napazdosgames,,1,2,3,2,4,6,3,0.45,0.537037,0,20
AvilaGirlan,AvilaGirlan,,1,2,3,2,4,6,3,0.45,0.537037,0,20
blaackfly,blaackfly,,0,1,1,0,1,1,3,0.421053,0.479167,0,1
Iisafobicc,Iisafobicc,,1,1,2,1,1,2,3,0.421053,0.479167,0,1
Stephany_a123,Stephany_a123,,1,1,2,1,1,2,3,0.421053,0.479167,0,1
siqueirahlucas,siqueirahlucas,,0,1,1,0,2,2,3,0.421053,0.479167,0,1
Dudu_watson,Dudu_watson,,0,1,1,0,1,1,3,0.421053,0.479167,0,1
PFS___,PFS___,,0,1,1,0,1,1,3,0.421053,0.479167,0,1
anyIindinha,anyIindinha,,1,2,3,1,2,3,3,0.45,0.537037,0,21
anymyinsp,anymyinsp,,1,2,3,1,2,3,3,0.45,0.537037,0,21
picamelancia,picamelancia,,0,2,2,0,2,2,3,0.45,0.537037,0,22
Felip0rra,Felip0rra,,1,0,1,1,0,1,0,0,0,0,22
julismar10,julismar10,,0,1,1,0,1,1,3,0.421053,0.479167,0,1
Gihdicarvalho,Gihdicarvalho,,1,3,4,2,6,8,3,0.47619,0.583333,0,25
robertameireles,robertameireles,,1,3,4,2,6,8,3,0.47619,0.583333,0,25
BTS_twt,BTS_twt,,5,0,5,7,0,7,0,0,0,0,25
Lucas87862483,Lucas87862483,,0,10,10,0,16,16,3,0.6,0.740741,0,23
acostumadinha,acostumadinha,,2,0,2,3,0,3,0,0,0,0,23
AFazenda13R7,AFazenda13R7,,1,0,1,2,0,2,0,0,0,0,23
CocaCola_Br,CocaCola_Br,,7,0,7,12,0,12,0,0,0,0,23
Dsfg46449146,Dsfg46449146,,1,5,6,1,6,7,3,0.518519,0.630952,0,23
Kelly06350931,Kelly06350931,,2,3,5,2,3,5,3,0.47619,0.583333,0.000005,23
cea_brasil,cea_brasil,,8,0,8,10,0,10,0,0,0,0,23
Leticiamenegal1,Leticiamenegal1,,0,2,2,0,2,2,3,0.36129,0.383929,0,25
achadinhosdajo,achadinhosdajo,,0,1,1,0,1,1,3,0.421053,0.479167,0,1
formatemeuPc,formatemeuPc,,0,2,2,0,2,2,3,0.45,0.537037,0,24
_marconh4,_marconh4,,1,0,1,1,0,1,0,0,0,0,24
annaanegra,annaanegra,,1,1,2,1,1,2,3,0.421053,0.479167,0,1
laridelimarmy,laridelimarmy,,0,2,2,0,2,2,3,0.36129,0.383929,0,25
Francilene_Kim,Francilene_Kim,,0,2,2,0,2,2,3,0.36129,0.383929,0,25
bckyxz,bckyxz,,0,2,2,0,2,2,3,0.36129,0.383929,0,25
lleehhcm,lleehhcm,,0,2,2,0,2,2,3,0.36129,0.383929,0,25
JacoOmiguel,JacoOmiguel,,0,12,12,0,27,27,3,0.633333,0.780702,0,23
JorgeVictorSoa2,JorgeVictorSoa2,,2,9,11,4,16,20,3,0.592593,0.739583,0.000003,23
familiaextra,familiaextra,,2,0,2,2,0,2,0,0,0,0,23
afazendarecord,afazendarecord,,6,0,6,12,0,12,0,0,0,0,23
GalisteuOficial,GalisteuOficial,,3,0,3,3,0,3,0,0,0,0,23
kellenracional,kellenracional,,1,3,4,1,3,4,3,0.47619,0.583333,0,23
Yure30111952,Yure30111952,,2,7,9,2,7,9,3,0.551724,0.677083,0,23
CasasBahia,CasasBahia,,3,0,3,5,0,5,0,0,0,0,23
BurgerKing,BurgerKing,,3,0,3,5,0,5,0,0,0,0,23
lluisanches,lluisanches,,1,3,4,1,3,4,3,0.47619,0.583333,0,23
Wands_Ferreira,Wands_Ferreira,,1,0,1,1,0,1,0,0,0,0,23
roceirobad,roceirobad,,2,0,2,2,0,2,0,0,0,0,23
alvs__m,alvs__m,,0,2,2,0,2,2,3,0.36129,0.383929,0,25
Lena30k,Lena30k,,0,2,2,0,2,2,3,0.36129,0.383929,0,25
SilmaraRibeiro,SilmaraRibeiro,,2,5,7,3,5,8,3,0.37415,0.418182,0,1
lalalais__,lalalais__,,2,5,7,2,10,12,3,0.37415,0.418182,0,1
analigiac93,analigiac93,,3,0,3,4,0,4,0,0,0,0,1
luisakidkun,luisakidkun,,0,2,2,0,2,2,3,0.36129,0.383929,0,25
Beloved94663631,Beloved94663631,,0,2,2,0,2,2,3,0.36129,0.383929,0,25
juancastroos,juancastroos,,0,1,1,0,2,2,3,0.421053,0.479167,0,1
nergiova,nergiova,,0,3,3,0,3,3,3,0.482759,0.559524,0,1
salinnyt,salinnyt,,1,2,3,1,2,3,3,0.464286,0.525641,0,1
gbrlzvdx,gbrlzvdx,,0,1,1,0,1,1,3,0.421053,0.479167,0,1
idontfcarebitch,idontfcarebitch,,0,1,1,0,1,1,3,0.421053,0.479167,0,1
fadinhacansada,fadinhacansada,,0,2,2,0,2,2,3,0.36129,0.383929,0,25
LyndiaSantos5,LyndiaSantos5,,0,3,3,0,3,3,3,0.363636,0.392857,0,1
CerejinhaKase,CerejinhaKase,,0,1,1,0,1,1,3,0.421053,0.479167,0,1
dr_felipeminero,dr_felipeminero,,0,1,1,0,1,1,3,0.421053,0.479167,0,1
mara_gurjao,mara_gurjao,,0,2,2,0,2,2,3,0.36129,0.383929,0,25
Thales_leitin,Thales_leitin,,0,1,1,0,1,1,3,0.421053,0.479167,0,1
diitramassio,diitramassio,,1,3,4,1,3,4,3,0.364238,0.393939,0,1
ar_leaozinho,ar_leaozinho,,0,1,1,0,1,1,3,0.421053,0.479167,0,1
anirameow,anirameow,,0,2,2,0,2,2,3,0.36129,0.383929,0,25
actorbian,actorbian,,0,1,1,0,1,1,3,0.421053,0.479167,0,1
kbayer_,kbayer_,,0,1,1,0,1,1,3,0.421053,0.479167,0,1
matheustomaso,matheustomaso,,0,1,1,0,1,1,3,0.421053,0.479167,0,1
joohyunnieeeee,joohyunnieeeee,,0,2,2,0,2,2,3,0.45,0.537037,0,26
IreneBrasil_,IreneBrasil_,,7,0,7,10,0,10,0,0,0,0,26
AnaPaul96065645,AnaPaul96065645,,0,3,3,0,5,5,3,0.363636,0.392857,0,25
Marrys163,Marrys163,,0,2,2,0,2,2,3,0.36129,0.383929,0,25
hsltlola,hsltlola,,1,4,5,1,4,5,3,0.367742,0.403509,0,1
dayanakellyof,dayanakellyof,,1,4,5,1,4,5,3,0.367742,0.403509,0,1
TheYoonJi,TheYoonJi,,0,4,4,0,4,4,3,0.368421,0.404762,0,23
admdaianeaguiar,admdaianeaguiar,,0,1,1,0,1,1,3,0.421053,0.479167,0,1
chimmySte,chimmySte,,0,2,2,0,2,2,3,0.36129,0.383929,0,25
chuchulbeleza,chuchulbeleza,,0,2,2,0,2,2,3,0.36129,0.383929,0,25
resiefairy,resiefairy,,1,2,3,1,4,5,3,0.45,0.537037,0,1
myoisoobae,myoisoobae,,1,2,3,2,3,5,3,0.45,0.537037,0,1
LmNgcCmTARMY1,LmNgcCmTARMY1,,0,2,2,0,2,2,3,0.36129,0.383929,0,25
sarinha_13,sarinha_13,,1,4,5,1,7,8,3,0.367742,0.403509,0,1
daybttencourt,daybttencourt,,1,4,5,1,4,5,3,0.367742,0.403509,0,1
pauloohatake,pauloohatake,,0,2,2,0,2,2,3,0.36129,0.383929,0,25
nejifem,nejifem,,0,3,3,0,3,3,3,0.47619,0.583333,0,26
Kay182003,Kay182003,,2,2,4,2,6,8,3,0.45,0.537037,0,26
karollytaa,karollytaa,,0,1,1,0,1,1,3,0.421053,0.479167,0,1
IvanaLima15,IvanaLima15,,0,3,3,0,3,3,3,0.363636,0.392857,0,1
sagustrange,sagustrange,,0,2,2,0,2,2,3,0.36129,0.383929,0,25
missarmy_twt,missarmy_twt,,0,2,2,0,2,2,3,0.36129,0.383929,0,25
NAYS2III,NAYS2III,,0,4,4,0,4,4,3,0.367742,0.403509,0,1
JaynniRodrigues,JaynniRodrigues,,1,0,1,1,0,1,0,0,0,0,1
irrelevandu,irrelevandu,,0,1,1,0,1,1,3,0.421053,0.479167,0,1
jf_077,jf_077,,0,1,1,0,1,1,3,0.421053,0.479167,0,1
baejpugh,baejpugh,,0,3,3,0,3,3,3,0.47619,0.583333,0,26
sailorpjmini,sailorpjmini,,0,2,2,0,2,2,3,0.36129,0.383929,0,25
yasmhz,yasmhz,,0,1,1,0,1,1,3,0.421053,0.479167,0,1
itsthaybitch,itsthaybitch,,1,1,2,1,1,2,3,0.421053,0.479167,0,1
yasminmoreira93,yasminmoreira93,,1,3,4,1,3,4,3,0.364238,0.393939,0,1
jjongsfh,jjongsfh,,1,1,2,1,3,4,3,0.421053,0.479167,0,1
artseokzjin,artseokzjin,,1,1,2,1,1,2,3,0.421053,0.479167,0,1
lenyoong,lenyoong,,0,2,2,0,2,2,3,0.36129,0.383929,0,25
Smiley_icypt2,Smiley_icypt2,,0,2,2,0,2,2,3,0.36129,0.383929,0,25
Namjoon60031362,Namjoon60031362,,0,2,2,0,2,2,3,0.36129,0.383929,0,25
amygginho,amygginho,,0,2,2,0,2,2,3,0.36129,0.383929,0,25
mayakim4ever,mayakim4ever,,0,2,2,0,2,2,3,0.36129,0.383929,0,25
FrancelGeovana,FrancelGeovana,,0,2,2,0,2,2,3,0.36129,0.383929,0,25
singularityroh,singularityroh,,0,2,2,0,2,2,3,0.36129,0.383929,0,25
MicDrop_Bang,MicDrop_Bang,,0,2,2,0,2,2,3,0.36129,0.383929,0,25
dindadoBTS,dindadoBTS,,0,2,2,0,2,2,3,0.36129,0.383929,0,25
Yasmim_Soares__,Yasmim_Soares__,,0,2,2,0,2,2,3,0.36129,0.383929,0,25
sainttjk,sainttjk,,0,2,2,0,2,2,3,0.36129,0.383929,0,25
JosiVenites,JosiVenites,,0,4,4,0,4,4,3,0.366013,0.401786,0,1
channelblueee,channelblueee,,0,2,2,0,2,2,3,0.36129,0.383929,0,25
Viviane_desousa,Viviane_desousa,,0,5,5,0,5,5,3,0.371795,0.413793,0,25
BangtanBR,BangtanBR,,15,1,16,15,1,16,4,0.341615,0.357576,0,25
rafamonteiro22,rafamonteiro22,,1,3,4,1,3,4,3,0.363636,0.392857,0,25
Minpikachuu,Minpikachuu,,0,2,2,0,2,2,3,0.36129,0.383929,0,25
whoislya,whoislya,,0,1,1,0,1,1,3,0.421053,0.479167,0,1
BalzacBangtan,BalzacBangtan,,0,2,2,0,2,2,3,0.36129,0.383929,0,25
parksbutterfly,parksbutterfly,,0,2,2,0,2,2,3,0.36129,0.383929,0,25
N_Irisoliveira,N_Irisoliveira,,0,2,2,0,2,2,3,0.36129,0.383929,0,25
rmganic,rmganic,,0,3,3,0,3,3,3,0.363636,0.392857,0,1
Cirlane64347203,Cirlane64347203,,0,2,2,0,2,2,3,0.36129,0.383929,0,25
brito_lyla,brito_lyla,,0,2,2,0,2,2,3,0.36129,0.383929,0,25
BTSJuniorFanboy,BTSJuniorFanboy,,0,2,2,0,2,2,3,0.36129,0.383929,0,25
alinelorenabar,alinelorenabar,,0,2,2,0,2,2,3,0.36129,0.383929,0,25
hasbadhabits,hasbadhabits,,0,1,1,0,2,2,3,0.421053,0.479167,0,1
97Purple_,97Purple_,,0,5,5,0,5,5,3,0.371795,0.413793,0,25
EsposaDoJin9,EsposaDoJin9,,1,0,1,1,0,1,0,0,0,0,25
CarolGustD,CarolGustD,,0,2,2,0,2,2,3,0.36129,0.383929,0,25
star_07101998,star_07101998,,0,2,2,0,2,2,3,0.36129,0.383929,0,25
umacontaaiiiiii,umacontaaiiiiii,,0,2,2,0,2,2,3,0.36129,0.383929,0,25
yaponex,yaponex,,0,2,2,0,27,27,3,0.45,0.537037,0,1
tk_sofredora,tk_sofredora,,0,2,2,0,2,2,3,0.36129,0.383929,0,25
ot7lovesomuch,ot7lovesomuch,,0,4,4,0,4,4,3,0.366013,0.401786,0,1
hakeru_chan,hakeru_chan,,0,2,2,0,2,2,3,0.36129,0.383929,0,25
sisvix,sisvix,,0,4,4,0,4,4,3,0.366013,0.401786,0,1
lorihgl,lorihgl,,0,2,2,0,2,2,3,0.36129,0.383929,0,25
mutualsperfect,mutualsperfect,,0,2,2,0,2,2,3,0.36129,0.383929,0,25
Leila070613,Leila070613,,0,3,3,0,3,3,3,0.363636,0.392857,0,25
bolinhx_do_sope,bolinhx_do_sope,,0,2,2,0,2,2,3,0.36129,0.383929,0,25
Hobiii639,Hobiii639,,0,2,2,0,2,2,3,0.36129,0.383929,0,25
AriihSilva20,AriihSilva20,,0,2,2,0,2,2,3,0.36129,0.383929,0,25
DrikaPachecco,DrikaPachecco,,0,2,2,0,2,2,3,0.36129,0.383929,0,25
Tori_illiegirl,Tori_illiegirl,,0,2,2,0,2,2,3,0.36129,0.383929,0,25
camila_vante,camila_vante,,0,2,2,0,2,2,3,0.36129,0.383929,0,25
jcheniffer,jcheniffer,,0,2,2,0,2,2,3,0.36129,0.383929,0,25
kalliny1,kalliny1,,0,2,2,0,2,2,3,0.36129,0.383929,0,25
aleminarmy,aleminarmy,,0,2,2,0,2,2,3,0.36129,0.383929,0,25
Hadassa_Paula,Hadassa_Paula,,0,2,2,0,2,2,3,0.36129,0.383929,0,25
quelmenezess,quelmenezess,,0,2,2,0,2,2,3,0.36129,0.383929,0,25
Jssicajessie2,Jssicajessie2,,0,2,2,0,2,2,3,0.36129,0.383929,0,25
BTS_LuvY,BTS_LuvY,,0,2,2,0,2,2,3,0.36129,0.383929,0,25
nayarafortunat0,nayarafortunat0,,0,4,4,0,4,4,3,0.366013,0.401786,0,1
Ilearn_with_BTS,Ilearn_with_BTS,,0,2,2,0,2,2,3,0.36129,0.383929,0,25
telepathyiia,telepathyiia,,0,4,4,0,4,4,3,0.366013,0.401786,0,1
Pjminliet,Pjminliet,,0,4,4,0,6,6,3,0.366013,0.401786,0,1
mionlybngt,mionlybngt,,0,2,2,0,2,2,3,0.36129,0.383929,0,25
Joelia663071722,Joelia663071722,,0,2,2,0,2,2,3,0.36129,0.383929,0,25
paolasale2903,paolasale2903,,0,2,2,0,2,2,3,0.36129,0.383929,0,25
larakalineborg1,larakalineborg1,,0,2,2,0,2,2,3,0.36129,0.383929,0,25
jooniespa,jooniespa,,0,2,2,0,2,2,3,0.36129,0.383929,0,25
giselelopesbr,giselelopesbr,,0,2,2,0,2,2,3,0.36129,0.383929,0,25
Leticia91749424,Leticia91749424,,0,2,2,0,2,2,3,0.36129,0.383929,0,25
msticaa,msticaa,,0,2,2,0,2,2,3,0.36129,0.383929,0,25
ticiajii,ticiajii,,0,2,2,0,2,2,3,0.36129,0.383929,0,25
sopinha95,sopinha95,,0,2,2,0,2,2,3,0.36129,0.383929,0,25
Channiefilter,Channiefilter,,0,4,4,0,4,4,3,0.367742,0.403509,0,1
Larsinhe,Larsinhe,,1,0,1,1,0,1,0,0,0,0,1
softteteluv,softteteluv,,0,2,2,0,2,2,3,0.36129,0.383929,0,25
stnamj,stnamj,,0,2,2,0,2,2,3,0.36129,0.383929,0,25
amyniinm_7,amyniinm_7,,0,2,2,0,2,2,3,0.36129,0.383929,0,25
Amanda47785435,Amanda47785435,,0,2,2,0,2,2,3,0.36129,0.383929,0,25
princejhope,princejhope,,0,3,3,0,3,3,3,0.363636,0.392857,0,25
AletheiaSantos,AletheiaSantos,,0,3,3,0,3,3,3,0.363636,0.392857,0,25
jmcutebboy,jmcutebboy,,0,3,3,0,3,3,3,0.363636,0.392857,0,25
taetaeemochi,taetaeemochi,,0,3,3,0,3,3,3,0.363636,0.392857,0,25
Leebr2021,Leebr2021,,0,4,4,0,4,4,3,0.367742,0.403509,0,25
ALINE_TWWT,ALINE_TWWT,,0,3,3,0,3,3,3,0.363636,0.392857,0,25
Paola49665614,Paola49665614,,0,3,3,0,3,3,3,0.363636,0.392857,0,25
grazytaehyung17,grazytaehyung17,,0,3,3,0,3,3,3,0.363636,0.392857,0,25
MoskGabi,MoskGabi,,0,3,3,0,3,3,3,0.363636,0.392857,0,25
jimiscila,jimiscila,,0,2,2,0,2,2,3,0.36129,0.383929,0,25
moontobts,moontobts,,0,2,2,0,2,2,3,0.36129,0.383929,0,25
JlKO00K,JlKO00K,,0,2,2,0,2,2,3,0.36129,0.383929,0,25
xuxusuga,xuxusuga,,0,2,2,0,2,2,3,0.36129,0.383929,0,25
Joo36527049,Joo36527049,,0,2,2,0,2,2,3,0.45,0.537037,0,31
mdmdaiane,mdmdaiane,,14,1,15,17,1,18,3,0.421053,0.479167,0,31
Alicia_Lice,Alicia_Lice,,0,3,3,0,3,3,3,0.47619,0.583333,0,26
reveluvstruggle,reveluvstruggle,,1,0,1,1,0,1,0,0,0,0,26
lukinha_sky_,lukinha_sky_,,0,1,1,0,1,1,3,0.421053,0.479167,0,1
nay_only,nay_only,,0,2,2,0,2,2,3,0.36129,0.383929,0,25
Davii_Valee,Davii_Valee,,0,1,1,0,1,1,3,0.421053,0.479167,0,1
Glooaseul,Glooaseul,,0,2,2,0,4,4,3,0.45,0.537037,0,26
anadrojo,anadrojo,,0,2,2,0,2,2,3,0.36129,0.383929,0,25
MyLovelyJimin_,MyLovelyJimin_,,0,2,2,0,2,2,3,0.36129,0.383929,0,25
amandinha_iza,amandinha_iza,,0,2,2,0,2,2,3,0.36129,0.383929,0,25
brangtanzil,brangtanzil,,0,2,2,0,2,2,3,0.36129,0.383929,0,25
thainacanuto1,thainacanuto1,,0,2,2,0,2,2,3,0.36129,0.383929,0,25
small_baechu,small_baechu,,0,2,2,0,2,2,3,0.45,0.537037,0,26
sailorvivi8,sailorvivi8,,0,2,2,0,2,2,3,0.36129,0.383929,0,25
ShinizRM,ShinizRM,,0,2,2,0,2,2,3,0.36129,0.383929,0,25
SrtaTarsy,SrtaTarsy,,0,2,2,0,2,2,3,0.36129,0.383929,0,25
duetbusan,duetbusan,,0,2,2,0,2,2,3,0.36129,0.383929,0,25
GiulliaGusman,GiulliaGusman,,1,3,4,2,9,11,3,0.47619,0.583333,0,27
BrunaMarteleto,BrunaMarteleto,,1,3,4,2,6,8,3,0.47619,0.583333,0,27
jessicaliar,jessicaliar,,8,0,8,13,0,13,0,0,0,0,27
dhiegoHQx,dhiegoHQx,,0,1,1,0,1,1,3,0.421053,0.479167,0,1
griel_freire,griel_freire,,0,3,3,0,3,3,3,0.47619,0.583333,0,27
intzsimon,intzsimon,,1,0,1,1,0,1,0,0,0,0,27
anafortalez,anafortalez,,0,2,2,0,2,2,3,0.45,0.537037,0,28
luizin034,luizin034,,1,0,1,1,0,1,0,0,0,0,28
iamleomarques,iamleomarques,,0,2,2,0,2,2,3,0.45,0.537037,0,27
CleoK3,CleoK3,,0,1,1,0,1,1,1,1,1,0,27
andre1TV,andre1TV,,0,2,2,0,3,3,3,0.45,0.537037,0,27
marinhoxrl_,marinhoxrl_,,1,3,4,1,5,6,3,0.47619,0.583333,0,29
clarissavz_,clarissavz_,,1,3,4,1,3,4,3,0.47619,0.583333,0,29
loirachataa,loirachataa,,2,0,2,3,0,3,0,0,0,0,29
abacashe67,abacashe67,,1,1,2,1,1,2,3,0.421053,0.479167,0,1
victorpfreitas,victorpfreitas,,0,2,2,0,2,2,3,0.45,0.537037,0,27
felipe_falkiner,felipe_falkiner,,0,2,2,0,3,3,3,0.45,0.537037,0,27
renjunsafada,renjunsafada,,0,1,1,0,1,1,3,0.421053,0.479167,0,1
_SINGLELARITY,_SINGLELARITY,,1,4,5,2,12,14,3,0.5,0.621212,0,30
bumblebebsz,bumblebebsz,,1,4,5,3,8,11,3,0.5,0.621212,0,30
T4ECHWIT4,T4ECHWIT4,,2,0,2,5,0,5,0,0,0,0,30
dlwlrmanie,dlwlrmanie,,2,0,2,5,0,5,0,0,0,0,30
jojogamequeen,jojogamequeen,,0,2,2,0,5,5,3,0.45,0.537037,0,31
DJKards,DJKards,,0,2,2,0,2,2,3,0.45,0.537037,0,32
faztaogostoso,faztaogostoso,,1,0,1,1,0,1,0,0,0,0,32
lars_aaaaa,lars_aaaaa,,0,2,2,0,2,2,3,0.454545,0.533333,0,33
HUNTERL0VE,HUNTERL0VE,,2,2,4,5,2,7,3,0.45,0.537037,0.000002,33
yeahimana,yeahimana,,1,2,3,1,8,9,3,0.45,0.537037,0,33
oibarrozo,oibarrozo,,0,1,1,0,1,1,3,0.421053,0.479167,0,1
keyrodrigss,keyrodrigss,,1,1,2,1,1,2,3,0.421053,0.479167,0,1
reeh_x,reeh_x,,1,1,2,1,1,2,3,0.421053,0.479167,0,1
mrcuscuz,mrcuscuz,,1,1,2,1,2,3,3,0.421053,0.479167,0,1
KaykeArttt,KaykeArttt,,0,1,1,0,1,1,3,0.421053,0.479167,0,1
lostboy585,lostboy585,,0,1,1,0,1,1,3,0.421053,0.479167,0,1
Geilson_A,Geilson_A,,0,1,1,0,1,1,3,0.421053,0.479167,0,1
ohmy_aby,ohmy_aby,,0,1,1,0,3,3,3,0.421053,0.479167,0,1
vitsmagalhaes,vitsmagalhaes,,0,2,2,0,2,2,3,0.45,0.537037,0,1
jjessicarocha_,jjessicarocha_,,2,2,4,2,3,5,3,0.421053,0.479167,0,1
ceoemchamas,ceoemchamas,,2,9,11,2,15,17,3,0.592593,0.739583,0.000011,60
Bradesco,Bradesco,,3,0,3,5,0,5,0,0,0,0,60
carrefourbrasil,carrefourbrasil,,2,0,2,3,0,3,0,0,0,0,60
kiminjwi,kiminjwi,,0,1,1,0,1,1,3,0.421053,0.479167,0,1
gploira,gploira,,0,1,1,0,1,1,3,0.421053,0.479167,0,1
nfbomfim,nfbomfim,,0,2,2,0,2,2,3,0.45,0.537037,0,34
showdavida,showdavida,,1,0,1,1,0,1,0,0,0,0,34
sosixck,sosixck,,0,1,1,0,3,3,3,0.421053,0.479167,0,1
makeupoln,makeupoln,,0,3,3,0,4,4,3,0.47619,0.583333,0,1
camillemaaia,camillemaaia,,1,1,2,1,1,2,3,0.421053,0.479167,0,1
AnnyCrfx,AnnyCrfx,,0,1,1,0,1,1,3,0.421053,0.479167,0,1
TPassados,TPassados,,0,1,1,0,1,1,3,0.421053,0.479167,0,1
bibiahelp,bibiahelp,,0,1,1,0,1,1,3,0.421053,0.479167,0,1
analuizamaciel0,analuizamaciel0,,0,1,1,0,1,1,3,0.421053,0.479167,0,1
halmjz,halmjz,,0,1,1,0,1,1,3,0.421053,0.479167,0,1
gabrielbborges,gabrielbborges,,0,1,1,0,1,1,3,0.421053,0.479167,0,1
compromissobr,compromissobr,,0,9,9,0,9,9,3,0.580645,0.712963,0,60
paodeacucar,paodeacucar,,2,0,2,3,0,3,0,0,0,0,60
havanoficial,havanoficial,,6,0,6,8,0,8,0,0,0,0,60
Bancointer,Bancointer,,1,0,1,1,0,1,0,0,0,0,60
lorenarrcarmo,lorenarrcarmo,,1,2,3,1,3,4,3,0.45,0.537037,0,1
MailadiEterna,MailadiEterna,,1,2,3,1,2,3,3,0.45,0.537037,0,1
G_Brit0,G_Brit0,,0,1,1,0,1,1,3,0.421053,0.479167,0,1
amandarozalem1,amandarozalem1,,0,1,1,0,1,1,3,0.421053,0.479167,0,1
tbagdiana,tbagdiana,,0,1,1,0,1,1,3,0.421053,0.479167,0,1
Doummany,Doummany,,0,1,1,0,1,1,3,0.421053,0.479167,0,1
carvalhodois,carvalhodois,,1,2,3,1,6,7,3,0.45,0.537037,0,1
oqueaisadora,oqueaisadora,,1,2,3,3,2,5,3,0.45,0.537037,0,1
KryptonsArchive,KryptonsArchive,,2,2,4,2,3,5,3,0.421053,0.479167,0,1
mariaacarregal,mariaacarregal,,0,2,2,0,2,2,3,0.45,0.537037,0,35
deeborabarb,deeborabarb,,1,0,1,1,0,1,0,0,0,0,35
wluvigor,wluvigor,,0,1,1,0,1,1,3,0.421053,0.479167,0,1
Lucassamuray,Lucassamuray,,1,3,4,1,3,4,3,0.45,0.537037,0,36
Giovann97851450,Giovann97851450,,1,0,1,1,0,1,0,0,0,0,36
Luanaalicee_,Luanaalicee_,,0,1,1,0,1,1,3,0.421053,0.479167,0,1
carstairs__,carstairs__,,0,1,1,0,1,1,3,0.421053,0.479167,0,1
anacarolinamrib,anacarolinamrib,,0,1,1,0,1,1,3,0.421053,0.479167,0,1
Chaylafelix,Chaylafelix,,0,1,1,0,2,2,3,0.421053,0.479167,0,1
castelo_jc83,castelo_jc83,,0,1,1,0,4,4,3,0.421053,0.479167,0,1
yeopoetic,yeopoetic,,0,1,1,0,1,1,3,0.421053,0.479167,0,1
paulo_jhonatan1,paulo_jhonatan1,,0,1,1,0,1,1,3,0.421053,0.479167,0,1
nath_ax,nath_ax,,0,2,2,0,2,2,3,0.45,0.537037,0,1
amar_aberto,amar_aberto,,0,1,1,0,1,1,3,0.421053,0.479167,0,1
lorencamarg,lorencamarg,,0,1,1,0,1,1,3,0.421053,0.479167,0,1
Wii_chess,Wii_chess,,0,2,2,0,2,2,3,0.45,0.537037,0,37
liaguedes,liaguedes,,2,1,3,2,1,3,3,0.421053,0.479167,0,37
fala_md,fala_md,,0,1,1,0,1,1,3,0.421053,0.479167,0,1
ranczrosa,ranczrosa,,0,2,2,0,8,8,3,0.45,0.537037,0,38
chifruzda,chifruzda,,1,1,2,4,3,7,3,0.421053,0.479167,0,38
PL4GAS0S,PL4GAS0S,,0,1,1,0,1,1,3,0.421053,0.479167,0,1
herrlights,herrlights,,0,1,1,0,2,2,3,0.421053,0.479167,0,1
Heey_dih,Heey_dih,,1,2,3,1,5,6,3,0.45,0.537037,0,1
gatadodoka,gatadodoka,,1,2,3,1,2,3,3,0.45,0.537037,0,1
midoriyarts,midoriyarts,,0,1,1,0,1,1,3,0.421053,0.479167,0,1
magazineluiza,magazineluiza,,1,0,1,4,0,4,0,0,0,0,1
ryanpagodinhoo,ryanpagodinhoo,,0,1,1,0,1,1,3,0.421053,0.479167,0,1
Loggi,Loggi,,0,4,4,0,5,5,3,0.5,0.621212,0,23
lucascaetanojr,lucascaetanojr,,2,2,4,2,3,5,3,0.45,0.537037,0,23
HeberthDs,HeberthDs,,1,1,2,1,1,2,3,0.421053,0.479167,0,23
pequenogranucci,pequenogranucci,,0,2,2,0,3,3,3,0.45,0.537037,0,31
_Luh___,_Luh___,,0,2,2,0,2,2,3,0.45,0.537037,0,31
SouzaPMax,SouzaPMax,,0,1,1,0,1,1,3,0.421053,0.479167,0,1
laribrc,laribrc,,0,1,1,0,1,1,3,0.421053,0.479167,0,1
LeoMaia_,LeoMaia_,,0,1,1,0,1,1,3,0.421053,0.479167,0,1
Analuallves,Analuallves,,0,1,1,0,1,1,3,0.421053,0.479167,0,1
tallyn4scimento,tallyn4scimento,,0,2,2,0,3,3,3,0.45,0.537037,0,1
camilag_ds,camilag_ds,,1,0,1,1,0,1,0,0,0,0,1
djingatapioca,djingatapioca,,0,1,1,0,1,1,3,0.421053,0.479167,0,1
annaclaraRb_,annaclaraRb_,,0,1,1,0,1,1,3,0.421053,0.479167,0,1
pooxamel,pooxamel,,0,1,1,0,2,2,3,0.421053,0.479167,0,1
mariaatrem,mariaatrem,,1,2,3,1,3,4,3,0.421053,0.479167,0,1
thiventure,thiventure,,0,2,2,0,2,2,3,0.45,0.537037,0,37
KanonTsuki_,KanonTsuki_,,1,1,2,1,1,2,3,0.421053,0.479167,0,1
pedrofirmofc,pedrofirmofc,,0,2,2,0,3,3,3,0.45,0.537037,0,31
Victormes27,Victormes27,,0,2,2,0,2,2,3,0.45,0.537037,0,31
letmoreto,letmoreto,,1,1,2,1,1,2,3,0.421053,0.479167,0,1
rslulanik,rslulanik,,0,3,3,0,3,3,1,1,1,0,39
Apptopia,Apptopia,,2,2,4,2,2,4,1,1,1,0,39
amazon,amazon,,3,0,3,3,0,3,0,0,0,0,39
Mercadolibre,Mercadolibre,,3,0,3,3,0,3,0,0,0,0,39
leakimis1,leakimis1,,0,2,2,0,2,2,3,0.45,0.537037,0,31
araujooo_be,araujooo_be,,0,2,2,0,2,2,3,0.45,0.537037,0,40
xlopeska,xlopeska,,1,0,1,1,0,1,0,0,0,0,40
GabrieleBello,GabrieleBello,,0,1,1,0,1,1,3,0.421053,0.479167,0,1
lepleple,lepleple,,0,1,1,0,1,1,3,0.421053,0.479167,0,1
eumalupereiraa,eumalupereiraa,,0,1,1,0,1,1,3,0.421053,0.479167,0,1
MichelGusmao,MichelGusmao,,0,2,2,0,3,3,3,0.45,0.537037,0,1
joaobbarbosaz,joaobbarbosaz,,0,1,1,0,1,1,3,0.421053,0.479167,0,1
uailucax,uailucax,,1,1,2,1,1,2,3,0.421053,0.479167,0,1
lordewallz,lordewallz,,0,1,1,0,1,1,3,0.421053,0.479167,0,1
Poeiraestrelar8,Poeiraestrelar8,,0,2,2,0,2,2,3,0.45,0.537037,0,31
taezinho_,taezinho_,,0,1,1,0,1,1,3,0.421053,0.479167,0,1
glowsskth,glowsskth,,1,2,3,1,2,3,3,0.421053,0.479167,0,1
copyisart,copyisart,,0,1,1,0,1,1,3,0.421053,0.479167,0,1
Nathy_bjin2,Nathy_bjin2,,1,1,2,1,1,2,3,0.421053,0.479167,0,1
fragrant_cat,fragrant_cat,,0,2,2,0,2,2,3,0.45,0.537037,0,41
biaa_lSilvaa,biaa_lSilvaa,,1,0,1,1,0,1,0,0,0,0,41
davesadnigga,davesadnigga,,0,1,1,0,1,1,3,0.421053,0.479167,0,1
wgnr17,wgnr17,,0,4,4,0,4,4,3,0.5,0.588889,0,1
lojascea,lojascea,,1,0,1,1,0,1,0,0,0,0,1
PandoraKinng,PandoraKinng,,0,1,1,0,2,2,3,0.421053,0.479167,0,1
eusarahfrost,eusarahfrost,,0,2,2,0,2,2,3,0.45,0.537037,0,31
luiza_gii,luiza_gii,,0,1,1,0,2,2,3,0.421053,0.479167,0,1
littlewolf_,littlewolf_,,1,2,3,1,3,4,3,0.45,0.537037,0,1
nadielecouto,nadielecouto,,1,2,3,1,2,3,3,0.45,0.537037,0,1
__ferrante,__ferrante,,0,1,1,0,1,1,3,0.421053,0.479167,0,1
Natashamands,Natashamands,,2,5,7,2,5,7,3,0.521739,0.652778,0,1
Forever21,Forever21,,3,0,3,3,0,3,0,0,0,0,1
Hering_Oficial,Hering_Oficial,,3,0,3,3,0,3,0,0,0,0,1
Geliflor,Geliflor,,0,2,2,0,2,2,3,0.45,0.537037,0,1
ariellepsi,ariellepsi,,1,1,2,1,3,4,3,0.421053,0.479167,0,1
Jennybysm,Jennybysm,,1,2,3,3,6,9,3,0.421053,0.479167,0,1
toputaaaa,toputaaaa,,0,1,1,0,2,2,3,0.421053,0.479167,0,1
isbummed,isbummed,,0,2,2,0,3,3,3,0.45,0.537037,0,1
iasalinda_,iasalinda_,,0,1,1,0,1,1,3,0.421053,0.479167,0,1
NayaneVeloso,NayaneVeloso,,0,1,1,0,1,1,3,0.421053,0.479167,0,1
aerovelha,aerovelha,,0,1,1,0,3,3,3,0.421053,0.479167,0,1
thuugzera_,thuugzera_,,1,2,3,1,2,3,3,0.45,0.537037,0,42
plmisbbs,plmisbbs,,1,2,3,1,2,3,3,0.45,0.537037,0,42
dudailydua,dudailydua,,0,1,1,0,1,1,3,0.421053,0.479167,0,1
eutisquinha,eutisquinha,,0,2,2,0,4,4,3,0.45,0.537037,0,43
camibotega,camibotega,,1,0,1,2,0,2,0,0,0,0,43
pedro_nuness,pedro_nuness,,0,2,2,0,3,3,3,0.45,0.537037,0,1
millebiten,millebiten,,0,1,1,0,1,1,3,0.421053,0.479167,0,1
perrieslildr3am,perrieslildr3am,,0,2,2,0,2,2,3,0.45,0.537037,0,31
Thi_sf3,Thi_sf3,,0,2,2,0,2,2,3,0.45,0.537037,0,31
ifavstylws,ifavstylws,,0,1,1,0,1,1,3,0.421053,0.479167,0,1
aallinx,aallinx,,0,1,1,0,1,1,3,0.421053,0.479167,0,1
Gril_cinderla,Gril_cinderla,,0,1,1,0,1,1,3,0.421053,0.479167,0,1
juuninaraujo,juuninaraujo,,0,3,3,0,3,3,3,0.47619,0.583333,0,44
shopee_br,shopee_br,,1,0,1,1,0,1,0,0,0,0,44
AliExpressBR,AliExpressBR,,1,0,1,1,0,1,0,0,0,0,44
tkpoeth,tkpoeth,,0,1,1,0,1,1,3,0.421053,0.479167,0,1
data_ladies,data_ladies,,0,3,3,0,3,3,1,1,1,0,39
kadusilvx,kadusilvx,,0,1,1,0,1,1,3,0.421053,0.479167,0,1
TTenom_,TTenom_,,0,2,2,0,2,2,3,0.45,0.537037,0,45
natsesh,natsesh,,1,0,1,1,0,1,0,0,0,0,45
CaioJosesouz,CaioJosesouz,,1,3,4,1,6,7,3,0.47619,0.583333,0,46
clara_waifu,clara_waifu,,1,3,4,2,3,5,3,0.47619,0.583333,0,46
overcome_co,overcome_co,,2,0,2,3,0,3,0,0,0,0,46
mhinnasz,mhinnasz,,0,1,1,0,1,1,3,0.421053,0.479167,0,1
carvalhobrina,carvalhobrina,,0,1,1,0,3,3,3,0.421053,0.479167,0,1
wilpositions,wilpositions,,2,2,4,2,3,5,3,0.486726,0.50303,0.000073,1
mariaokazakiii,mariaokazakiii,,1,1,2,1,1,2,3,0.421053,0.479167,0,1
abilio_diniz,abilio_diniz,,2,0,2,2,0,2,0,0,0,0,60
CarrefourGroup,CarrefourGroup,,1,0,1,1,0,1,0,0,0,0,60
_gabrelax,_gabrelax,,0,1,1,0,1,1,3,0.421053,0.479167,0,1
lisasemz,lisasemz,,0,2,2,0,2,2,4,0.347826,0.36756,0,1
YATOWRI,YATOWRI,,0,1,1,0,1,1,3,0.421053,0.479167,0,1
rafaelfontanad,rafaelfontanad,,0,1,1,0,1,1,3,0.421053,0.479167,0,1
_FoxyCream_,_FoxyCream_,,0,2,2,0,2,2,3,0.45,0.537037,0,47
vektorthedrakat,vektorthedrakat,,1,0,1,1,0,1,0,0,0,0,47
ehlucao,ehlucao,,0,1,1,0,1,1,3,0.421053,0.479167,0,1
cvlhxx,cvlhxx,,0,3,3,0,15,15,3,0.47619,0.583333,0,48
Annajlia1,Annajlia1,,1,0,1,6,0,6,0,0,0,0,48
ProconRJ,ProconRJ,,1,0,1,3,0,3,0,0,0,0,48
spider_liam,spider_liam,,0,1,1,0,1,1,3,0.421053,0.479167,0,1
gm_ngfhkwd,gm_ngfhkwd,,0,2,2,0,2,2,3,0.45,0.537037,0,49
Bl3nd3r_TTL,Bl3nd3r_TTL,,1,0,1,1,0,1,0,0,0,0,49
omarcelohb,omarcelohb,,0,1,1,0,1,1,3,0.421053,0.479167,0,1
bortollotti,bortollotti,,0,3,3,0,3,3,1,1,1,0,50
ThiagoResiste,ThiagoResiste,,1,0,1,1,0,1,0,0,0,0,50
zaeli,zaeli,,1,0,1,1,0,1,0,0,0,0,50
havan,havan,,1,0,1,1,0,1,0,0,0,0,50
naataliakgb,naataliakgb,,0,1,1,0,1,1,3,0.421053,0.479167,0,1
cams_crvg,cams_crvg,,1,0,1,1,0,1,0,0,0,0,1
theoreismachado,theoreismachado,,0,1,1,0,2,2,3,0.421053,0.479167,0,1
Essa_Negah,Essa_Negah,,1,2,3,1,2,3,3,0.45,0.537037,0,51
azevedoleleo_,azevedoleleo_,,1,2,3,1,2,3,3,0.45,0.537037,0,51
jhennibs,jhennibs,,1,1,2,1,1,2,3,0.421053,0.479167,0,1
saidsams,saidsams,,0,2,2,0,3,3,3,0.45,0.537037,0,1
samarasaidsc,samarasaidsc,,1,0,1,1,0,1,0,0,0,0,1
TentoSer_Normal,TentoSer_Normal,,0,1,1,0,1,1,3,0.421053,0.479167,0,1
jouibissexual,jouibissexual,,0,1,1,0,1,1,3,0.421053,0.479167,0,1
vinilopes07,vinilopes07,,1,2,3,1,4,5,3,0.421053,0.479167,0,1
elisarcanjo,elisarcanjo,,0,1,1,0,1,1,3,0.421053,0.479167,0,1
_avlisy,_avlisy,,0,2,2,0,2,2,3,0.45,0.537037,0,52
becarodriigues_,becarodriigues_,,1,1,2,1,1,2,3,0.421053,0.479167,0,52
mmmesko,mmmesko,,0,1,1,0,1,1,3,0.421053,0.479167,0,1
kth1mono77,kth1mono77,,0,1,1,0,1,1,3,0.421053,0.479167,0,1
renatalacruz,renatalacruz,,0,1,1,0,1,1,3,0.421053,0.479167,0,1
90shannigan,90shannigan,,1,2,3,1,2,3,3,0.45,0.537037,0,53
laursjhene,laursjhene,,1,2,3,1,2,3,3,0.45,0.537037,0,53
andrealcanttara,andrealcanttara,,0,1,1,0,1,1,3,0.421053,0.479167,0,1
bharbaracunha,bharbaracunha,,1,2,3,1,2,3,3,0.45,0.537037,0,54
Thats08l,Thats08l,,1,2,3,1,2,3,3,0.45,0.537037,0,54
Bolsominiondec1,Bolsominiondec1,,0,2,2,0,2,2,3,0.45,0.537037,0,55
dilmabr,dilmabr,,1,0,1,1,0,1,0,0,0,0,55
gatadav1da,gatadav1da,,0,1,1,0,1,1,3,0.421053,0.479167,0,1
patimirrinha,patimirrinha,,0,4,4,0,4,4,3,0.5,0.602564,0,57
pelennegra,pelennegra,,3,6,9,3,8,11,3,0.521739,0.652778,0.000006,57
valoreconomico,valoreconomico,,2,0,2,2,0,2,0,0,0,0,57
Pele,Pele,,2,0,2,2,0,2,0,0,0,0,57
deborand0,deborand0,,1,1,2,1,1,2,3,0.421053,0.479167,0,1
AnnaLivia_15,AnnaLivia_15,,0,1,1,0,1,1,3,0.421053,0.479167,0,1
Beat_013,Beat_013,,1,2,3,2,6,8,3,0.45,0.537037,0,56
_molinaa__,_molinaa__,,1,2,3,3,4,7,3,0.45,0.537037,0,56
guskngg,guskngg,,0,1,1,0,1,1,3,0.421053,0.479167,0,1
girlmaybee,girlmaybee,,0,1,1,0,1,1,3,0.421053,0.479167,0,1
_alineq,_alineq,,0,1,1,0,1,1,3,0.421053,0.479167,0,1
byancabastos,byancabastos,,0,1,1,0,1,1,3,0.421053,0.479167,0,1
Eu_saamu,Eu_saamu,,0,1,1,0,2,2,3,0.421053,0.479167,0,1
mahagess,mahagess,,0,1,1,0,1,1,3,0.421053,0.479167,0,1
harrygucciw,harrygucciw,,0,1,1,0,4,4,3,0.421053,0.479167,0,1
Theusffc_,Theusffc_,,0,1,1,0,1,1,3,0.421053,0.479167,0,1
pieeeck,pieeeck,,0,1,1,0,1,1,3,0.421053,0.479167,0,1
tuckedinhawaii,tuckedinhawaii,,0,1,1,0,1,1,3,0.421053,0.479167,0,1
rindoupet,rindoupet,,0,1,1,0,1,1,3,0.421053,0.479167,0,1
saifahpetharn,saifahpetharn,,0,1,1,0,1,1,3,0.421053,0.479167,0,1
peglowlc2,peglowlc2,,0,1,1,0,1,1,3,0.421053,0.479167,0,1
sakuradebreves,sakuradebreves,,0,1,1,0,1,1,3,0.421053,0.479167,0,1
CR0NAL0V3R,CR0NAL0V3R,,0,1,1,0,1,1,3,0.421053,0.479167,0,1
CutelessBrat,CutelessBrat,,0,1,1,0,1,1,3,0.421053,0.479167,0,1
vinic91,vinic91,,0,1,1,0,1,1,3,0.421053,0.479167,0,1
cionthu,cionthu,,0,2,2,0,2,2,1,1,1,0,60
brasil247,brasil247,,1,0,1,1,0,1,0,0,0,0,60
reinaldoazevedo,reinaldoazevedo,,2,0,2,2,0,2,0,0,0,0,60
nadursulino,nadursulino,,0,1,1,0,2,2,3,0.421053,0.479167,0,1
JuniorDihl,JuniorDihl,,0,1,1,0,1,1,3,0.421053,0.479167,0,1
JorgeLuisCanos1,JorgeLuisCanos1,,0,1,1,0,1,1,3,0.421053,0.479167,0,1
tateanex,tateanex,,0,1,1,0,2,2,3,0.421053,0.479167,0,1
jjeffoliveira,jjeffoliveira,,1,2,3,1,3,4,3,0.486726,0.50303,0,1
i2zaddy,i2zaddy,,0,1,1,0,1,1,3,0.421053,0.479167,0,1
DiadorimSoul,DiadorimSoul,,0,9,9,0,11,11,3,0.567568,0.68254,0,60
zaelialimentos,zaelialimentos,,1,0,1,1,0,1,0,0,0,0,60
monicabergamo,monicabergamo,,1,0,1,1,0,1,0,0,0,0,60
UOLEconomia,UOLEconomia,,1,0,1,1,0,1,0,0,0,0,60
taismyhome,taismyhome,,0,2,2,0,2,2,3,0.45,0.537037,0,58
tainactshome,tainactshome,,4,0,4,4,0,4,0,0,0,0,58
consersempre60,consersempre60,,0,4,4,0,4,4,3,0.5,0.602564,0,57
MarceloLins68,MarceloLins68,,2,0,2,2,0,2,0,0,0,0,57
NatuzaNery,NatuzaNery,,2,0,2,2,0,2,0,0,0,0,57
tainamyworld,tainamyworld,,0,2,2,0,2,2,3,0.45,0.537037,0,58
laina_tainactor,laina_tainactor,,0,4,4,0,5,5,3,0.5,0.621212,0,58
SalSal26,SalSal26,,1,3,4,1,3,4,3,0.47619,0.583333,0,58
eutainacosta,eutainacosta,,2,0,2,2,0,2,0,0,0,0,58
Heavenbadas,Heavenbadas,,0,1,1,0,1,1,3,0.421053,0.479167,0,1
jaquelinedjt,jaquelinedjt,,0,1,1,0,2,2,3,0.421053,0.479167,0,1
lovehngvr,lovehngvr,,0,2,2,0,2,2,3,0.45,0.537037,0,59
jacqueandrade_,jacqueandrade_,,1,0,1,1,0,1,0,0,0,0,59
rebecavianan,rebecavianan,,0,1,1,0,1,1,3,0.421053,0.479167,0,1
VescioCarol,VescioCarol,,1,6,7,1,6,7,3,0.541667,0.679487,0,60
EruditusErudito,EruditusErudito,,1,6,7,1,6,7,3,0.541667,0.679487,0,60
1327Coyote,1327Coyote,,2,0,2,2,0,2,0,0,0,0,60
fannypricenew,fannypricenew,,2,0,2,2,0,2,0,0,0,0,60
alexandre,alexandre,,2,0,2,2,0,2,0,0,0,0,60
jhsmoonchild,jhsmoonchild,,0,1,1,0,2,2,3,0.421053,0.479167,0,1
armyflavia22,armyflavia22,,0,1,1,0,1,1,3,0.421053,0.479167,0,1
Patricyaabreu_,Patricyaabreu_,,0,2,2,0,2,2,3,0.45,0.537037,0,61
QGgirafa,QGgirafa,,2,1,3,2,1,3,3,0.421053,0.479167,0,61
_CaaioPhelipe,_CaaioPhelipe,,0,1,1,0,1,1,3,0.421053,0.479167,0,1
bicalho_Mills,bicalho_Mills,,0,2,2,0,2,2,3,0.45,0.537037,0,62
PortalGirafa,PortalGirafa,,8,1,9,8,1,9,3,0.421053,0.479167,0,62
luskaet1,luskaet1,,2,3,5,3,9,12,3,0.491071,0.512121,0.000071,1
backtobad_,backtobad_,,2,2,4,5,2,7,4,0.348101,0.368182,0,1
MartaEstrela9,MartaEstrela9,,1,2,3,1,2,3,3,0.45,0.537037,0,63
joanapin11,joanapin11,,1,2,3,1,2,3,3,0.45,0.537037,0,63
imnotthegabriel,imnotthegabriel,,1,2,3,1,2,3,3,0.45,0.537037,0,64
Tarless3,Tarless3,,1,2,3,1,2,3,3,0.45,0.537037,0,64
petitsamo,petitsamo,,1,3,4,1,8,9,3,0.47619,0.583333,0.000002,1
imthelildemon,imthelildemon,,1,0,1,1,0,1,0,0,0,0,1
KeityRay,KeityRay,,1,2,3,1,2,3,3,0.45,0.537037,0,65
CassiianeMagnno,CassiianeMagnno,,1,2,3,1,2,3,3,0.45,0.537037,0,65
cla_patricinha,cla_patricinha,,0,2,2,0,2,2,3,0.45,0.537037,0,1
ALA_f_ALA,ALA_f_ALA,,0,1,1,0,1,1,3,0.421053,0.479167,0,1
pjmyrefuge,pjmyrefuge,,1,3,4,1,3,4,3,0.45,0.537037,0,66
y2khaon,y2khaon,,1,0,1,1,0,1,0,0,0,0,66
arantesvocaIs,arantesvocaIs,,0,2,2,0,2,2,3,0.45,0.537037,0,67
_lzabella,_lzabella,,1,0,1,1,0,1,0,0,0,0,67
isackalimann,isackalimann,,0,2,2,0,2,2,3,0.45,0.537037,0,1
_viiniciusc,_viiniciusc,,0,1,1,0,1,1,3,0.421053,0.479167,0,1
lor3narocha,lor3narocha,,0,1,1,0,1,1,3,0.421053,0.479167,0,1
TheCarolzs,TheCarolzs,,0,2,2,0,2,2,3,0.45,0.537037,0,68
DivulgaRafaK,DivulgaRafaK,,6,1,7,6,1,7,3,0.421053,0.479167,0,68
miickgr,miickgr,,0,2,2,0,2,2,3,0.45,0.537037,0,62
Vivernasnuvens,Vivernasnuvens,,0,2,2,0,2,2,3,0.45,0.537037,0,1
_Gibicalho,_Gibicalho,,0,2,2,0,2,2,3,0.45,0.537037,0,61
i02JAKE,i02JAKE,,1,2,3,1,4,5,3,0.45,0.537037,0,69
jakeadoop,jakeadoop,,2,0,2,3,0,3,0,0,0,0,69
luzineidemoura6,luzineidemoura6,,0,2,2,0,2,2,3,0.45,0.537037,0,62
rkgb_girafa,rkgb_girafa,,0,3,3,0,4,4,3,0.47619,0.583333,0,1
MeiriRANU,MeiriRANU,,0,2,2,0,2,2,3,0.45,0.537037,0,68
laura_rayy,laura_rayy,,0,2,2,0,2,2,3,0.45,0.537037,0,62
Tuitaapaam,Tuitaapaam,,0,2,2,0,2,2,3,0.45,0.537037,0,62
gizellubicalho,gizellubicalho,,0,2,2,0,2,2,3,0.45,0.537037,0,62
mycomenta,mycomenta,,0,2,2,0,2,2,3,0.45,0.537037,0,68
SelenaLoverRanu,SelenaLoverRanu,,0,2,2,0,2,2,3,0.45,0.537037,0,68
joxox__,joxox__,,0,1,1,0,1,1,3,0.421053,0.479167,0,1
Paula43376528,Paula43376528,,0,2,2,0,2,2,3,0.45,0.537037,0,1
RodrigoCali,RodrigoCali,,0,1,1,0,1,1,3,0.421053,0.479167,0,1
cecyfernandes,cecyfernandes,,0,18,18,0,27,27,1,1,1,0,70
garotxdoblogofc,garotxdoblogofc,,1,0,1,1,0,1,0,0,0,0,70
radioptbrasil,radioptbrasil,,1,0,1,3,0,3,0,0,0,0,70
radiojovempanfm,radiojovempanfm,,1,0,1,3,0,3,0,0,0,0,70
jovempan2014,jovempan2014,,1,0,1,3,0,3,0,0,0,0,70
SenadoFederal,SenadoFederal,,1,0,1,3,0,3,0,0,0,0,70
Mochermello,Mochermello,,1,1,2,1,2,3,3,0.421053,0.479167,0,1
Gentileza22,Gentileza22,,1,0,1,1,0,1,0,0,0,0,70
ManoJuOliveira1,ManoJuOliveira1,,1,0,1,2,0,2,0,0,0,0,70
catari_bezerra,catari_bezerra,,1,0,1,1,0,1,0,0,0,0,70
CleuzaTur,CleuzaTur,,1,0,1,1,0,1,0,0,0,0,70
thuka_contessa,thuka_contessa,,1,0,1,1,0,1,0,0,0,0,70
VaiLerPoha,VaiLerPoha,,1,0,1,1,0,1,0,0,0,0,70
NayPerseverar,NayPerseverar,,1,0,1,1,0,1,0,0,0,0,70
HugoLeo2101,HugoLeo2101,,1,0,1,1,0,1,0,0,0,0,70
AmericaElige,AmericaElige,,1,0,1,1,0,1,0,0,0,0,70
ROMARIOSIL_VA,ROMARIOSIL_VA,,1,0,1,1,0,1,0,0,0,0,70
central_raon,central_raon,,0,1,1,0,1,1,3,0.421053,0.479167,0,1
kwkxtar,kwkxtar,,0,1,1,0,1,1,3,0.421053,0.479167,0,1
LoyalOliveira,LoyalOliveira,,0,2,2,0,2,2,3,0.45,0.537037,0,71
jairbolsonaro,jairbolsonaro,,8,0,8,8,0,8,0,0,0,0,71
ggorski14,ggorski14,,0,1,1,0,1,1,3,0.421053,0.479167,0,1
netto_gon,netto_gon,,0,2,2,0,2,2,3,0.45,0.537037,0,71
afrofaixa,afrofaixa,,0,1,1,0,1,1,3,0.421053,0.479167,0,1
s2lexie,s2lexie,,0,1,1,0,1,1,3,0.421053,0.479167,0,1
biaa041,biaa041,,0,1,1,0,1,1,3,0.421053,0.479167,0,1
vaxcaina,vaxcaina,,0,1,1,0,1,1,3,0.421053,0.479167,0,1
caasi1909,caasi1909,,0,1,1,0,1,1,3,0.421053,0.479167,0,1
viesbts,viesbts,,0,1,1,0,1,1,3,0.421053,0.479167,0,1
RicardoEleutri4,RicardoEleutri4,,0,2,2,0,2,2,3,0.45,0.537037,0,71
dessa_natucci,dessa_natucci,,1,2,3,1,4,5,3,0.45,0.537037,0,1
LukasKauan6,LukasKauan6,,0,1,1,0,1,1,3,0.421053,0.479167,0,1
sierrati13,sierrati13,,0,3,3,0,3,3,3,0.47619,0.583333,0,60
LulaDilma5,LulaDilma5,,1,0,1,1,0,1,0,0,0,0,60
hilde_angel,hilde_angel,,1,0,1,1,0,1,0,0,0,0,70
marlenemota7,marlenemota7,,1,0,1,1,0,1,0,0,0,0,70
renancalheiros,renancalheiros,,1,0,1,1,0,1,0,0,0,0,70
DavidMalekAJ_,DavidMalekAJ_,,0,1,1,0,1,1,3,0.421053,0.479167,0,1
AndreSobania,AndreSobania,,0,2,2,0,2,2,3,0.45,0.537037,0,72
andersonrosavaz,andersonrosavaz,,1,0,1,1,0,1,0,0,0,0,72
montanari_yas,montanari_yas,,0,2,2,0,2,2,4,0.35,0.370536,0,74
amrlsarinha,amrlsarinha,,4,3,7,10,3,13,3,0.491071,0.512121,0.000144,74
eu_mossa,eu_mossa,,0,3,3,0,3,3,3,0.47619,0.583333,0,73
sensacionalista,sensacionalista,,1,0,1,1,0,1,0,0,0,0,73
marimessias,marimessias,,1,0,1,1,0,1,0,0,0,0,73
bela_longo,bela_longo,,0,1,1,0,1,1,3,0.421053,0.479167,0,1
ketlennf_,ketlennf_,,0,1,1,0,1,1,3,0.421053,0.479167,0,1
twicemamis,twicemamis,,1,2,3,3,2,5,3,0.454545,0.533333,0,1
iamrafah_,iamrafah_,,0,2,2,0,2,2,3,0.45,0.537037,0,71
flavs_andrade,flavs_andrade,,0,1,1,0,1,1,3,0.421053,0.479167,0,1
dalecanhoto,dalecanhoto,,0,2,2,0,2,2,3,0.45,0.537037,0,71
Alebdsbrasil,Alebdsbrasil,,0,2,2,0,2,2,3,0.45,0.537037,0,71
edgator,edgator,,0,2,2,0,2,2,3,0.45,0.537037,0,71
ningningbot,ningningbot,,0,1,1,0,1,1,3,0.421053,0.479167,0,1
anneibernon,anneibernon,,0,1,1,0,1,1,3,0.421053,0.479167,0,1
simatheusss,simatheusss,,0,2,2,0,2,2,3,0.45,0.537037,0,71
meelissasouza,meelissasouza,,0,2,2,0,2,2,3,0.454545,0.533333,0,1
gabrielapallu,gabrielapallu,,2,2,4,2,3,5,3,0.45,0.537037,0.000002,1
evolve24K_,evolve24K_,,2,3,5,4,10,14,3,0.491071,0.512121,0,74
andrewsflp,andrewsflp,,1,2,3,1,2,3,4,0.350318,0.371212,0,1
mourizarabela,mourizarabela,,0,1,1,0,1,1,3,0.421053,0.479167,0,1
cansadababy,cansadababy,,0,1,1,0,4,4,3,0.421053,0.479167,0,1
ex__carioca,ex__carioca,,0,2,2,0,3,3,3,0.45,0.537037,0,1
Neon,Neon,,1,0,1,1,0,1,0,0,0,0,1
serendiptty,serendiptty,,0,1,1,0,1,1,3,0.421053,0.479167,0,1
karolmoraesc,karolmoraesc,,0,1,1,0,1,1,3,0.421053,0.479167,0,1
