Id,Label,timeset,indegree,outdegree,Degree,weighted indegree,weighted outdegree,Weighted Degree,Eccentricity,closnesscentrality,harmonicclosnesscentrality,betweenesscentrality,modularity_class
riachuelo,riachuelo,,0,34,34,0,36,36,2,0.573276,0.62782,0,19
Glooaseul,Glooaseul,,1,0,1,1,0,1,0,0,0,0,19
small_baechu,small_baechu,,1,0,1,1,0,1,0,0,0,0,19
GlaucoS41843642,GlaucoS41843642,,0,45,45,0,45,45,1,1,1,0,83
tizquadros,tizquadros,,1,0,1,1,0,1,0,0,0,0,83
InfoJobsVENDAS,InfoJobsVENDAS,,0,1,1,0,1,1,1,1,1,0,0
RecifeBot,RecifeBot,,2,0,2,2,0,2,0,0,0,0,0
joanadarc2605,joanadarc2605,,1,0,1,1,0,1,0,0,0,0,83
josy_49,josy_49,,1,0,1,1,0,1,0,0,0,0,83
paulacruz_clay,paulacruz_clay,,1,0,1,1,0,1,0,0,0,0,83
osmarkss,osmarkss,,1,0,1,1,0,1,0,0,0,0,83
LaerciodeCastr4,LaerciodeCastr4,,1,0,1,1,0,1,0,0,0,0,83
jucaramteixeira,jucaramteixeira,,1,0,1,1,0,1,0,0,0,0,83
nathenes,nathenes,,1,0,1,1,0,1,0,0,0,0,83
Sol07798202,Sol07798202,,1,0,1,1,0,1,0,0,0,0,83
BaginiDe,BaginiDe,,1,0,1,1,0,1,0,0,0,0,83
augusto7_cesar,augusto7_cesar,,1,0,1,1,0,1,0,0,0,0,83
EraldoFrancisc2,EraldoFrancisc2,,1,0,1,1,0,1,0,0,0,0,83
liamabat,liamabat,,1,0,1,1,0,1,0,0,0,0,83
JoyceSanchotene,JoyceSanchotene,,1,0,1,1,0,1,0,0,0,0,83
jucaravlf,jucaravlf,,1,0,1,1,0,1,0,0,0,0,83
PetucioS,PetucioS,,1,0,1,1,0,1,0,0,0,0,83
MarinesMoura,MarinesMoura,,1,0,1,1,0,1,0,0,0,0,83
vilmarvs60,vilmarvs60,,1,0,1,1,0,1,0,0,0,0,83
AmaralLula,AmaralLula,,1,0,1,1,0,1,0,0,0,0,83
renanbnunes,renanbnunes,,1,0,1,1,0,1,0,0,0,0,83
liubortuluzi,liubortuluzi,,1,0,1,1,0,1,0,0,0,0,83
ComunelloChris,ComunelloChris,,1,0,1,1,0,1,0,0,0,0,83
geraldoazevedof,geraldoazevedof,,1,0,1,1,0,1,0,0,0,0,83
LhcLulalivre,LhcLulalivre,,1,0,1,1,0,1,0,0,0,0,83
elis20715486,elis20715486,,1,0,1,1,0,1,0,0,0,0,83
jotahsilva,jotahsilva,,2,0,2,2,0,2,0,0,0,0,67
MoyenneA,MoyenneA,,1,0,1,1,0,1,0,0,0,0,83
ruiva08,ruiva08,,1,0,1,1,0,1,0,0,0,0,83
FogodoEon,FogodoEon,,1,0,1,1,0,1,0,0,0,0,83
KrenRG,KrenRG,,1,0,1,1,0,1,0,0,0,0,83
JotaKar,JotaKar,,1,0,1,1,0,1,0,0,0,0,83
PFSilveira,PFSilveira,,1,0,1,1,0,1,0,0,0,0,83
sonia_divinaa,sonia_divinaa,,1,0,1,1,0,1,0,0,0,0,83
mil_jus,mil_jus,,1,0,1,1,0,1,0,0,0,0,83
_PirLimPimPim_,_PirLimPimPim_,,1,0,1,1,0,1,0,0,0,0,83
sandraffarias,sandraffarias,,1,0,1,1,0,1,0,0,0,0,83
Torreslcbrasil,Torreslcbrasil,,1,0,1,1,0,1,0,0,0,0,83
joaomaringa,joaomaringa,,2,0,2,2,0,2,0,0,0,0,83
Comedordefogo,Comedordefogo,,1,0,1,1,0,1,0,0,0,0,83
wpz13,wpz13,,1,0,1,1,0,1,0,0,0,0,83
lilileite4,lilileite4,,1,0,1,1,0,1,0,0,0,0,83
wilsondenotari,wilsondenotari,,1,0,1,1,0,1,0,0,0,0,83
lauracleite,lauracleite,,1,0,1,1,0,1,0,0,0,0,83
joaovf08,joaovf08,,1,0,1,1,0,1,0,0,0,0,83
pcfl1897,pcfl1897,,1,0,1,1,0,1,0,0,0,0,83
pavliique,pavliique,,0,114,114,0,114,114,1,1,1,0,2
Fannyzinha_02,Fannyzinha_02,,1,0,1,1,0,1,0,0,0,0,2
deusacontent,deusacontent,,1,0,1,1,0,1,0,0,0,0,2
emygrx,emygrx,,1,0,1,1,0,1,0,0,0,0,2
claravity,claravity,,1,0,1,1,0,1,0,0,0,0,2
Icontae1,Icontae1,,1,0,1,1,0,1,0,0,0,0,2
Manuszinha1,Manuszinha1,,1,0,1,1,0,1,0,0,0,0,2
itsnotdondoni,itsnotdondoni,,1,0,1,1,0,1,0,0,0,0,2
Birilin1,Birilin1,,1,0,1,1,0,1,0,0,0,0,2
strangexnat,strangexnat,,1,0,1,1,0,1,0,0,0,0,2
eduarda__y,eduarda__y,,1,0,1,1,0,1,0,0,0,0,2
joaoportugal__,joaoportugal__,,1,0,1,1,0,1,0,0,0,0,2
veridiano24,veridiano24,,1,0,1,1,0,1,0,0,0,0,2
analuizabbs00,analuizabbs00,,1,0,1,1,0,1,0,0,0,0,2
tedioetals,tedioetals,,1,0,1,1,0,1,0,0,0,0,2
kassypoli,kassypoli,,1,0,1,1,0,1,0,0,0,0,2
MariaClaraLago3,MariaClaraLago3,,1,0,1,1,0,1,0,0,0,0,2
______viejjra,______viejjra,,1,0,1,1,0,1,0,0,0,0,2
Https1toxic,Https1toxic,,1,0,1,1,0,1,0,0,0,0,2
alcantaraasilva,alcantaraasilva,,1,0,1,1,0,1,0,0,0,0,2
duarterlarissa,duarterlarissa,,1,0,1,1,0,1,0,0,0,0,2
bernardomarcxl,bernardomarcxl,,1,0,1,1,0,1,0,0,0,0,2
eaechrisz,eaechrisz,,1,0,1,1,0,1,0,0,0,0,2
aaaaarf0,aaaaarf0,,1,0,1,1,0,1,0,0,0,0,2
eviih_bertoldo,eviih_bertoldo,,1,0,1,1,0,1,0,0,0,0,2
itsnottka,itsnottka,,1,0,1,1,0,1,0,0,0,0,2
maiakkkkjk,maiakkkkjk,,1,0,1,1,0,1,0,0,0,0,2
emillyemaelle_,emillyemaelle_,,1,0,1,1,0,1,0,0,0,0,2
chanelbyjennie,chanelbyjennie,,1,0,1,1,0,1,0,0,0,0,2
Isaaa_pontes,Isaaa_pontes,,1,0,1,1,0,1,0,0,0,0,2
AnaCaro48249671,AnaCaro48249671,,1,0,1,1,0,1,0,0,0,0,2
alcastrrr,alcastrrr,,1,0,1,1,0,1,0,0,0,0,2
yaecs,yaecs,,1,0,1,1,0,1,0,0,0,0,2
isadorafedida,isadorafedida,,1,0,1,1,0,1,0,0,0,0,2
kimquinjin,kimquinjin,,1,0,1,1,0,1,0,0,0,0,2
lisemonn,lisemonn,,1,0,1,1,0,1,0,0,0,0,2
SO6ZA,SO6ZA,,1,0,1,1,0,1,0,0,0,0,2
sloancomics,sloancomics,,1,0,1,1,0,1,0,0,0,0,2
princessdumbb,princessdumbb,,1,0,1,1,0,1,0,0,0,0,2
Flavio_Gottardo,Flavio_Gottardo,,1,0,1,1,0,1,0,0,0,0,2
laisnoro,laisnoro,,1,0,1,1,0,1,0,0,0,0,2
plantsfeneco,plantsfeneco,,1,0,1,1,0,1,0,0,0,0,2
Swith20200,Swith20200,,1,0,1,1,0,1,0,0,0,0,2
xxxcmr6,xxxcmr6,,1,0,1,1,0,1,0,0,0,0,2
centuryg1rl,centuryg1rl,,1,0,1,1,0,1,0,0,0,0,2
ivyvenenosa_,ivyvenenosa_,,1,0,1,1,0,1,0,0,0,0,2
BiancaPereiiraa,BiancaPereiiraa,,1,0,1,1,0,1,0,0,0,0,2
Jojoxiin,Jojoxiin,,1,0,1,1,0,1,0,0,0,0,2
henriquedragfan,henriquedragfan,,1,0,1,1,0,1,0,0,0,0,2
lealalua,lealalua,,1,0,1,1,0,1,0,0,0,0,2
leomendes51,leomendes51,,1,0,1,1,0,1,0,0,0,0,2
Nicolle96926867,Nicolle96926867,,1,0,1,1,0,1,0,0,0,0,2
NickLangkammer,NickLangkammer,,1,0,1,1,0,1,0,0,0,0,2
_Isapucci_,_Isapucci_,,1,0,1,1,0,1,0,0,0,0,2
noitsbeck1y3,noitsbeck1y3,,1,0,1,1,0,1,0,0,0,0,2
furacao_2003,furacao_2003,,1,0,1,1,0,1,0,0,0,0,2
Beatriz79195397,Beatriz79195397,,1,0,1,1,0,1,0,0,0,0,2
raycout7,raycout7,,0,1,1,0,1,1,1,1,1,0,1
r_amanco,r_amanco,,1,0,1,1,0,1,0,0,0,0,1
domingos_motta,domingos_motta,,1,0,1,1,0,1,0,0,0,0,2
layssasilvs,layssasilvs,,1,0,1,1,0,1,0,0,0,0,2
achoqunathalia,achoqunathalia,,1,0,1,1,0,1,0,0,0,0,2
jihyobaiana,jihyobaiana,,1,0,1,1,0,1,0,0,0,0,2
JIMINR0YALS,JIMINR0YALS,,1,0,1,1,0,1,0,0,0,0,2
machuca_xereca,machuca_xereca,,1,0,1,1,0,1,0,0,0,0,2
JuliPrantes,JuliPrantes,,1,0,1,1,0,1,0,0,0,0,2
gabricorrea_,gabricorrea_,,1,0,1,1,0,1,0,0,0,0,2
sunny_feh,sunny_feh,,0,1,1,0,2,2,1,1,1,0,3
Babi_Rodriguesz,Babi_Rodriguesz,,1,0,1,2,0,2,0,0,0,0,3
meldeverdade,meldeverdade,,1,0,1,1,0,1,0,0,0,0,2
Iorgutedecereja,Iorgutedecereja,,1,0,1,1,0,1,0,0,0,0,2
DuarteeCrf,DuarteeCrf,,1,0,1,1,0,1,0,0,0,0,2
ifzbryant,ifzbryant,,1,0,1,1,0,1,0,0,0,0,2
RobsonA38623586,RobsonA38623586,,1,0,1,1,0,1,0,0,0,0,2
ElencLima,ElencLima,,1,0,1,1,0,1,0,0,0,0,2
moonli1v,moonli1v,,1,0,1,1,0,1,0,0,0,0,2
hey_isamello,hey_isamello,,1,0,1,1,0,1,0,0,0,0,2
Kauaqua,Kauaqua,,1,0,1,1,0,1,0,0,0,0,2
marcotulioog,marcotulioog,,1,0,1,1,0,1,0,0,0,0,2
VANTESHIRO,VANTESHIRO,,1,0,1,1,0,1,0,0,0,0,2
KiriSharkRIOT,KiriSharkRIOT,,1,0,1,1,0,1,0,0,0,0,2
raquelvitoriad2,raquelvitoriad2,,1,0,1,1,0,1,0,0,0,0,2
tnbhdxtopx,tnbhdxtopx,,1,0,1,1,0,1,0,0,0,0,2
dqueirozbeauty,dqueirozbeauty,,1,0,1,1,0,1,0,0,0,0,2
modernfamliy,modernfamliy,,0,2,2,0,2,2,1,1,1,0,8
jeonwast,jeonwast,,1,0,1,1,0,1,0,0,0,0,8
Igor77silva2001,Igor77silva2001,,1,0,1,1,0,1,0,0,0,0,2
biallaud,biallaud,,1,0,1,1,0,1,0,0,0,0,2
fcksbieebs,fcksbieebs,,1,0,1,1,0,1,0,0,0,0,2
sourvenirw,sourvenirw,,1,0,1,1,0,1,0,0,0,0,2
hobizk,hobizk,,1,0,1,1,0,1,0,0,0,0,2
pedroxsfn,pedroxsfn,,1,0,1,1,0,1,0,0,0,0,2
emanuellyXL,emanuellyXL,,1,0,1,1,0,1,0,0,0,0,2
iamdougss,iamdougss,,1,0,1,1,0,1,0,0,0,0,2
bibeatrixx,bibeatrixx,,1,0,1,1,0,1,0,0,0,0,2
emMANUtencaooo,emMANUtencaooo,,1,0,1,1,0,1,0,0,0,0,2
thxfilez,thxfilez,,1,0,1,1,0,1,0,0,0,0,2
badchanel_013,badchanel_013,,1,0,1,1,0,1,0,0,0,0,2
anxcss,anxcss,,1,0,1,1,0,1,0,0,0,0,2
mackenziefalls0,mackenziefalls0,,1,0,1,1,0,1,0,0,0,0,2
j0rdana__,j0rdana__,,1,0,1,1,0,1,0,0,0,0,2
lt91stark,lt91stark,,0,1,1,0,1,1,1,1,1,0,4
baegurt,baegurt,,2,0,2,2,0,2,0,0,0,0,4
jadxr,jadxr,,1,0,1,1,0,1,0,0,0,0,2
eosfarfalla,eosfarfalla,,1,0,1,1,0,1,0,0,0,0,2
re_armenini,re_armenini,,1,0,1,1,0,1,0,0,0,0,2
maite08004532,maite08004532,,1,0,1,1,0,1,0,0,0,0,2
iinesteixeira,iinesteixeira,,1,0,1,1,0,1,0,0,0,0,2
baekttiny,baekttiny,,1,0,1,1,0,1,0,0,0,0,2
mariana3campos,mariana3campos,,1,0,1,1,0,1,0,0,0,0,2
cakee_nayy,cakee_nayy,,1,0,1,1,0,1,0,0,0,0,2
misstarkstrange,misstarkstrange,,1,0,1,1,0,1,0,0,0,0,2
CadelaRosmello,CadelaRosmello,,1,0,1,1,0,1,0,0,0,0,2
AnaClaraL0525,AnaClaraL0525,,1,0,1,1,0,1,0,0,0,0,2
mandzvi,mandzvi,,1,0,1,1,0,1,0,0,0,0,2
julianacca1,julianacca1,,1,0,1,1,0,1,0,0,0,0,2
anah__zampier,anah__zampier,,1,0,1,1,0,1,0,0,0,0,2
berrieschamp,berrieschamp,,1,0,1,1,0,1,0,0,0,0,2
mxriaclarx,mxriaclarx,,1,0,1,1,0,1,0,0,0,0,2
yas_costx021,yas_costx021,,1,0,1,1,0,1,0,0,0,0,2
palomablc,palomablc,,1,0,1,1,0,1,0,0,0,0,2
otgrsie,otgrsie,,0,1,1,0,2,2,1,1,1,0,5
kthfuzil,kthfuzil,,1,0,1,2,0,2,0,0,0,0,5
Duda_Horan28,Duda_Horan28,,1,0,1,1,0,1,0,0,0,0,2
BFRadrielly,BFRadrielly,,1,0,1,1,0,1,0,0,0,0,2
ggkiie,ggkiie,,0,1,1,0,2,2,1,1,1,0,6
Slipkitty,Slipkitty,,1,0,1,2,0,2,0,0,0,0,6
fentwd,fentwd,,0,1,1,0,1,1,1,1,1,0,4
pattsuit,pattsuit,,0,2,2,0,4,4,1,1,1,0,7
Thaynaa56620631,Thaynaa56620631,,1,0,1,2,0,2,0,0,0,0,7
shwndaya,shwndaya,,1,0,1,1,0,1,0,0,0,0,8
lualhale,lualhale,,1,0,1,2,0,2,0,0,0,0,7
d0rmindo0,d0rmindo0,,0,1,1,0,1,1,1,1,1,0,9
klauskiernan,klauskiernan,,1,0,1,1,0,1,0,0,0,0,9
folksigns,folksigns,,0,1,1,0,1,1,1,1,1,0,10
dropkeys,dropkeys,,1,0,1,1,0,1,0,0,0,0,10
isaqlusca,isaqlusca,,0,1,1,0,1,1,1,1,1,0,11
beyorg3,beyorg3,,1,0,1,1,0,1,0,0,0,0,11
vipsonza,vipsonza,,0,1,1,0,1,1,1,1,1,0,12
kimbeylee,kimbeylee,,1,0,1,1,0,1,0,0,0,0,12
ohkarolzinha,ohkarolzinha,,0,1,1,0,1,1,1,1,1,0,13
im___bells,im___bells,,1,0,1,1,0,1,0,0,0,0,13
kazakiluana,kazakiluana,,0,3,3,0,3,3,1,1,1,0,14
kasalmenagepa,kasalmenagepa,,1,0,1,1,0,1,0,0,0,0,14
fnfrn,fnfrn,,0,3,3,0,3,3,1,1,1,0,15
ErickDias3108,ErickDias3108,,1,0,1,1,0,1,0,0,0,0,15
sixfeet_under__,sixfeet_under__,,0,1,1,0,1,1,1,1,1,0,16
MilaRealitys,MilaRealitys,,1,0,1,1,0,1,0,0,0,0,16
eduardo02899551,eduardo02899551,,1,0,1,1,0,1,0,0,0,0,19
vonuviojr,vonuviojr,,1,0,1,1,0,1,0,0,0,0,15
MallykNagib,MallykNagib,,1,0,1,1,0,1,0,0,0,0,15
xmaicow,xmaicow,,0,6,6,0,12,12,1,1,1,0,18
jaguarujaguar,jaguarujaguar,,1,0,1,2,0,2,0,0,0,0,18
zainxlil,zainxlil,,0,1,1,0,1,1,1,1,1,0,17
affecttomlinson,affecttomlinson,,1,0,1,1,0,1,0,0,0,0,17
firrheart,firrheart,,1,0,1,1,0,1,0,0,0,0,19
Fabricc73966829,Fabricc73966829,,1,0,1,1,0,1,0,0,0,0,19
hurttsunny,hurttsunny,,1,0,1,2,0,2,0,0,0,0,18
yuqiIIness,yuqiIIness,,1,0,1,2,0,2,0,0,0,0,18
Reperd01,Reperd01,,1,0,1,2,0,2,0,0,0,0,18
lynxgh0st,lynxgh0st,,1,0,1,2,0,2,0,0,0,0,18
larissa_andryws,larissa_andryws,,1,0,1,2,0,2,0,0,0,0,18
dibradoras,dibradoras,,0,5,5,0,7,7,1,1,1,0,19
Guilherme_9,Guilherme_9,,1,0,1,2,0,2,0,0,0,0,19
____W00dst0ck__,____W00dst0ck__,,1,0,1,2,0,2,0,0,0,0,19
Beccky23,Beccky23,,2,97,99,3,97,100,1,1,1,0.000372,20
Framseok,Framseok,,1,0,1,1,0,1,0,0,0,0,20
_LuaDeMari,_LuaDeMari,,2,0,2,2,0,2,0,0,0,0,19
gtvsmo,gtvsmo,,1,0,1,1,0,1,0,0,0,0,20
kikitofazer,kikitofazer,,0,1,1,0,2,2,1,1,1,0,21
ColunadoFla,ColunadoFla,,1,0,1,2,0,2,0,0,0,0,21
Minnie_Duda,Minnie_Duda,,1,0,1,1,0,1,0,0,0,0,20
Leticiamenegal1,Leticiamenegal1,,1,0,1,1,0,1,0,0,0,0,20
lalistuffs,lalistuffs,,0,1,1,0,1,1,1,1,1,0,22
bot_cockroach,bot_cockroach,,2,0,2,2,0,2,0,0,0,0,22
laridelimarmy,laridelimarmy,,1,0,1,1,0,1,0,0,0,0,20
eujgabriel,eujgabriel,,0,1,1,0,2,2,1,1,1,0,23
LuisCar89702619,LuisCar89702619,,1,0,1,2,0,2,0,0,0,0,23
jungquerotti,jungquerotti,,0,69,69,0,69,69,1,1,1,0,24
aboutaehy,aboutaehy,,1,0,1,1,0,1,0,0,0,0,24
Francilene_Kim,Francilene_Kim,,1,0,1,1,0,1,0,0,0,0,20
bckyxz,bckyxz,,1,0,1,1,0,1,0,0,0,0,20
lleehhcm,lleehhcm,,1,0,1,1,0,1,0,0,0,0,20
Cirlane64347203,Cirlane64347203,,2,0,2,2,0,2,0,0,0,0,24
alvs__m,alvs__m,,1,0,1,1,0,1,0,0,0,0,20
anjinhofalso,anjinhofalso,,1,0,1,1,0,1,0,0,0,0,24
jjoonspark,jjoonspark,,1,0,1,1,0,1,0,0,0,0,24
MiMisterlindo,MiMisterlindo,,1,0,1,1,0,1,0,0,0,0,24
kootines,kootines,,1,0,1,1,0,1,0,0,0,0,24
twtmelany,twtmelany,,1,0,1,1,0,1,0,0,0,0,24
Lena30k,Lena30k,,1,0,1,1,0,1,0,0,0,0,20
fanboyzinhoo,fanboyzinhoo,,1,0,1,1,0,1,0,0,0,0,24
josy_love_bts,josy_love_bts,,1,0,1,1,0,1,0,0,0,0,24
sarmyoongi,sarmyoongi,,1,0,1,1,0,1,0,0,0,0,24
luvsmingi,luvsmingi,,1,0,1,1,0,1,0,0,0,0,24
jeikmin,jeikmin,,1,0,1,1,0,1,0,0,0,0,24
Brunelapaulada,Brunelapaulada,,1,0,1,1,0,1,0,0,0,0,24
Lovingchimmy_95,Lovingchimmy_95,,1,0,1,1,0,1,0,0,0,0,24
hoseokpkjm,hoseokpkjm,,1,0,1,1,0,1,0,0,0,0,24
renata13062013,renata13062013,,1,0,1,1,0,1,0,0,0,0,24
vminsoul0,vminsoul0,,1,0,1,1,0,1,0,0,0,0,24
luisakidkun,luisakidkun,,1,0,1,1,0,1,0,0,0,0,20
Beloved94663631,Beloved94663631,,1,0,1,1,0,1,0,0,0,0,20
Luantologias,Luantologias,,0,1,1,0,2,2,1,1,1,0,25
rindodasituacao,rindodasituacao,,1,0,1,2,0,2,0,0,0,0,25
Ray_vitti,Ray_vitti,,1,0,1,1,0,1,0,0,0,0,24
jungkookfmous,jungkookfmous,,1,0,1,1,0,1,0,0,0,0,24
SweetiesNothing,SweetiesNothing,,1,0,1,1,0,1,0,0,0,0,24
fadinhacansada,fadinhacansada,,1,0,1,1,0,1,0,0,0,0,20
mara_gurjao,mara_gurjao,,1,0,1,1,0,1,0,0,0,0,20
anirameow,anirameow,,1,0,1,1,0,1,0,0,0,0,20
AnaPaul96065645,AnaPaul96065645,,2,0,2,3,0,3,0,0,0,0,30
Marrys163,Marrys163,,1,0,1,1,0,1,0,0,0,0,20
chimmySte,chimmySte,,1,0,1,1,0,1,0,0,0,0,20
baetae_0202,baetae_0202,,1,0,1,1,0,1,0,0,0,0,24
chuchulbeleza,chuchulbeleza,,1,0,1,1,0,1,0,0,0,0,20
Namseok_04,Namseok_04,,1,0,1,1,0,1,0,0,0,0,24
LmNgcCmTARMY1,LmNgcCmTARMY1,,1,0,1,1,0,1,0,0,0,0,20
ishinasun,ishinasun,,0,2,2,0,2,2,1,1,1,0,26
Rgua11,Rgua11,,1,0,1,1,0,1,0,0,0,0,26
fgui501,fgui501,,1,0,1,1,0,1,0,0,0,0,26
pauloohatake,pauloohatake,,1,0,1,1,0,1,0,0,0,0,20
DudaRm5,DudaRm5,,1,0,1,1,0,1,0,0,0,0,24
FatosEx,FatosEx,,0,1,1,0,1,1,1,1,1,0,27
Bragaluluu,Bragaluluu,,1,0,1,1,0,1,0,0,0,0,27
MinJujie,MinJujie,,1,0,1,1,0,1,0,0,0,0,24
k00ksbun,k00ksbun,,1,0,1,1,0,1,0,0,0,0,24
d04rdaa,d04rdaa,,1,0,1,1,0,1,0,0,0,0,24
Mai19967,Mai19967,,1,0,1,1,0,1,0,0,0,0,24
JkOfficial_S,JkOfficial_S,,1,0,1,1,0,1,0,0,0,0,24
sagustrange,sagustrange,,1,0,1,1,0,1,0,0,0,0,20
isaebela69,isaebela69,,1,0,1,1,0,1,0,0,0,0,24
anniehoseo,anniehoseo,,1,0,1,1,0,1,0,0,0,0,24
missarmy_twt,missarmy_twt,,1,0,1,1,0,1,0,0,0,0,20
MahclaF,MahclaF,,1,0,1,1,0,1,0,0,0,0,24
yericrys,yericrys,,1,0,1,1,0,1,0,0,0,0,24
Gguk_luvs5,Gguk_luvs5,,1,0,1,1,0,1,0,0,0,0,24
sailorpjmini,sailorpjmini,,1,0,1,1,0,1,0,0,0,0,20
LaVemAbitiesi,LaVemAbitiesi,,1,0,1,1,0,1,0,0,0,0,24
LWANNAJEONPARK,LWANNAJEONPARK,,1,0,1,1,0,1,0,0,0,0,24
lenyoong,lenyoong,,1,0,1,1,0,1,0,0,0,0,20
jjkxgoes,jjkxgoes,,1,0,1,1,0,1,0,0,0,0,24
Smiley_icypt2,Smiley_icypt2,,1,0,1,1,0,1,0,0,0,0,20
Namjoon60031362,Namjoon60031362,,1,0,1,1,0,1,0,0,0,0,20
SYunxi19,SYunxi19,,1,0,1,1,0,1,0,0,0,0,24
amygginho,amygginho,,1,0,1,1,0,1,0,0,0,0,20
Kooksmik,Kooksmik,,1,0,1,1,0,1,0,0,0,0,24
rmthirlls,rmthirlls,,1,0,1,1,0,1,0,0,0,0,24
seoktaeyoon,seoktaeyoon,,1,0,1,1,0,1,0,0,0,0,24
Roberta01665510,Roberta01665510,,1,0,1,1,0,1,0,0,0,0,24
refugiotae,refugiotae,,1,0,1,1,0,1,0,0,0,0,24
ggukIoud,ggukIoud,,1,0,1,1,0,1,0,0,0,0,24
AvlisAnelim,AvlisAnelim,,1,0,1,1,0,1,0,0,0,0,24
mightykittyjk,mightykittyjk,,1,0,1,1,0,1,0,0,0,0,24
mayakim4ever,mayakim4ever,,1,0,1,1,0,1,0,0,0,0,20
FrancelGeovana,FrancelGeovana,,1,0,1,1,0,1,0,0,0,0,20
jmgbts,jmgbts,,1,0,1,1,0,1,0,0,0,0,24
Thaynaracoimbr8,Thaynaracoimbr8,,1,0,1,1,0,1,0,0,0,0,24
singularityroh,singularityroh,,1,0,1,1,0,1,0,0,0,0,20
EUTERPESWIFT,EUTERPESWIFT,,1,0,1,1,0,1,0,0,0,0,24
MicDrop_Bang,MicDrop_Bang,,1,0,1,1,0,1,0,0,0,0,20
kookkimbunny,kookkimbunny,,1,0,1,1,0,1,0,0,0,0,24
Mi98115733,Mi98115733,,1,0,1,1,0,1,0,0,0,0,24
dindadoBTS,dindadoBTS,,1,0,1,1,0,1,0,0,0,0,20
standloona,standloona,,1,0,1,1,0,1,0,0,0,0,24
Yasmim_Soares__,Yasmim_Soares__,,1,0,1,1,0,1,0,0,0,0,20
AdryaneMachad16,AdryaneMachad16,,1,0,1,1,0,1,0,0,0,0,24
sainttjk,sainttjk,,1,0,1,1,0,1,0,0,0,0,20
butterflytae7,butterflytae7,,1,0,1,1,0,1,0,0,0,0,24
Jjkbooh,Jjkbooh,,1,0,1,1,0,1,0,0,0,0,24
blackswanjjk_,blackswanjjk_,,1,0,1,1,0,1,0,0,0,0,24
pkjmxxz,pkjmxxz,,1,0,1,1,0,1,0,0,0,0,24
Hopeff_,Hopeff_,,1,0,1,1,0,1,0,0,0,0,24
channelblueee,channelblueee,,1,0,1,1,0,1,0,0,0,0,20
yoonkooky__,yoonkooky__,,1,0,1,1,0,1,0,0,0,0,24
nathalyaLSD,nathalyaLSD,,1,0,1,1,0,1,0,0,0,0,24
vantjggk,vantjggk,,1,0,1,1,0,1,0,0,0,0,24
BangtanBR,BangtanBR,,0,12,12,0,24,24,2,0.529412,0.555556,0,30
rafamonteiro22,rafamonteiro22,,1,0,1,2,0,2,0,0,0,0,30
Minpikachuu,Minpikachuu,,1,0,1,1,0,1,0,0,0,0,20
hrrytimez,hrrytimez,,1,0,1,1,0,1,0,0,0,0,24
btsslady,btsslady,,1,0,1,1,0,1,0,0,0,0,24
gguukieeh,gguukieeh,,1,0,1,1,0,1,0,0,0,0,24
kookizites25,kookizites25,,1,0,1,1,0,1,0,0,0,0,24
BalzacBangtan,BalzacBangtan,,1,0,1,1,0,1,0,0,0,0,20
__purplegoo,__purplegoo,,1,0,1,1,0,1,0,0,0,0,24
MariaEd24804559,MariaEd24804559,,1,0,1,1,0,1,0,0,0,0,24
Honeyy_20,Honeyy_20,,1,0,1,1,0,1,0,0,0,0,24
JJKG0TIC_,JJKG0TIC_,,1,0,1,1,0,1,0,0,0,0,24
Cristia68543871,Cristia68543871,,1,0,1,1,0,1,0,0,0,0,24
parksbutterfly,parksbutterfly,,1,0,1,1,0,1,0,0,0,0,20
N_Irisoliveira,N_Irisoliveira,,1,0,1,1,0,1,0,0,0,0,20
brito_lyla,brito_lyla,,1,0,1,1,0,1,0,0,0,0,20
BTSJuniorFanboy,BTSJuniorFanboy,,1,0,1,1,0,1,0,0,0,0,20
alinelorenabar,alinelorenabar,,1,0,1,1,0,1,0,0,0,0,20
CarolGustD,CarolGustD,,1,0,1,1,0,1,0,0,0,0,20
star_07101998,star_07101998,,1,0,1,1,0,1,0,0,0,0,20
umacontaaiiiiii,umacontaaiiiiii,,1,0,1,1,0,1,0,0,0,0,20
tk_sofredora,tk_sofredora,,1,0,1,1,0,1,0,0,0,0,20
hakeru_chan,hakeru_chan,,1,0,1,1,0,1,0,0,0,0,20
lorihgl,lorihgl,,1,0,1,1,0,1,0,0,0,0,20
mutualsperfect,mutualsperfect,,1,0,1,1,0,1,0,0,0,0,20
Leila070613,Leila070613,,1,0,1,2,0,2,0,0,0,0,30
bolinhx_do_sope,bolinhx_do_sope,,1,0,1,1,0,1,0,0,0,0,20
Hobiii639,Hobiii639,,1,0,1,1,0,1,0,0,0,0,20
AriihSilva20,AriihSilva20,,1,0,1,1,0,1,0,0,0,0,20
DrikaPachecco,DrikaPachecco,,1,0,1,1,0,1,0,0,0,0,20
Tori_illiegirl,Tori_illiegirl,,1,0,1,1,0,1,0,0,0,0,20
camila_vante,camila_vante,,1,0,1,1,0,1,0,0,0,0,20
jcheniffer,jcheniffer,,1,0,1,1,0,1,0,0,0,0,20
kalliny1,kalliny1,,1,0,1,1,0,1,0,0,0,0,20
aleminarmy,aleminarmy,,1,0,1,1,0,1,0,0,0,0,20
Hadassa_Paula,Hadassa_Paula,,1,0,1,1,0,1,0,0,0,0,20
quelmenezess,quelmenezess,,1,0,1,1,0,1,0,0,0,0,20
Jssicajessie2,Jssicajessie2,,1,0,1,1,0,1,0,0,0,0,20
BTS_LuvY,BTS_LuvY,,1,0,1,1,0,1,0,0,0,0,20
caioquero,caioquero,,0,1,1,0,1,1,1,1,1,0,28
Tianicornio,Tianicornio,,1,0,1,1,0,1,0,0,0,0,28
Ilearn_with_BTS,Ilearn_with_BTS,,1,0,1,1,0,1,0,0,0,0,20
Pjminliet,Pjminliet,,1,0,1,1,0,1,0,0,0,0,20
mionlybngt,mionlybngt,,1,0,1,1,0,1,0,0,0,0,20
Joelia663071722,Joelia663071722,,1,0,1,1,0,1,0,0,0,0,20
paolasale2903,paolasale2903,,1,0,1,1,0,1,0,0,0,0,20
larakalineborg1,larakalineborg1,,1,0,1,1,0,1,0,0,0,0,20
jooniespa,jooniespa,,1,0,1,1,0,1,0,0,0,0,20
giselelopesbr,giselelopesbr,,1,0,1,1,0,1,0,0,0,0,20
Leticia91749424,Leticia91749424,,1,0,1,1,0,1,0,0,0,0,20
msticaa,msticaa,,1,0,1,1,0,1,0,0,0,0,20
ticiajii,ticiajii,,1,0,1,1,0,1,0,0,0,0,20
sopinha95,sopinha95,,1,0,1,1,0,1,0,0,0,0,20
softteteluv,softteteluv,,1,0,1,1,0,1,0,0,0,0,20
stnamj,stnamj,,1,0,1,1,0,1,0,0,0,0,20
amyniinm_7,amyniinm_7,,1,0,1,1,0,1,0,0,0,0,20
Amanda47785435,Amanda47785435,,1,0,1,1,0,1,0,0,0,0,20
BTSxBRAZIL,BTSxBRAZIL,,1,0,1,1,0,1,0,0,0,0,20
princejhope,princejhope,,1,0,1,2,0,2,0,0,0,0,30
AletheiaSantos,AletheiaSantos,,1,0,1,2,0,2,0,0,0,0,30
jmcutebboy,jmcutebboy,,1,0,1,2,0,2,0,0,0,0,30
warlissonhc,warlissonhc,,0,1,1,0,2,2,1,1,1,0,29
celinho_santos,celinho_santos,,1,0,1,2,0,2,0,0,0,0,29
taetaeemochi,taetaeemochi,,1,0,1,2,0,2,0,0,0,0,30
ALINE_TWWT,ALINE_TWWT,,1,0,1,2,0,2,0,0,0,0,30
Paola49665614,Paola49665614,,1,0,1,2,0,2,0,0,0,0,30
grazytaehyung17,grazytaehyung17,,1,0,1,2,0,2,0,0,0,0,30
MoskGabi,MoskGabi,,1,0,1,2,0,2,0,0,0,0,30
jimiscila,jimiscila,,1,0,1,1,0,1,0,0,0,0,20
moontobts,moontobts,,1,0,1,1,0,1,0,0,0,0,20
JlKO00K,JlKO00K,,1,0,1,1,0,1,0,0,0,0,20
xuxusuga,xuxusuga,,1,0,1,1,0,1,0,0,0,0,20
nay_only,nay_only,,1,0,1,1,0,1,0,0,0,0,20
anadrojo,anadrojo,,1,0,1,1,0,1,0,0,0,0,20
MyLovelyJimin_,MyLovelyJimin_,,1,0,1,1,0,1,0,0,0,0,20
amandinha_iza,amandinha_iza,,1,0,1,1,0,1,0,0,0,0,20
brangtanzil,brangtanzil,,1,0,1,1,0,1,0,0,0,0,20
BollaKaka,BollaKaka,,1,0,1,1,0,1,0,0,0,0,14
thainacanuto1,thainacanuto1,,1,0,1,1,0,1,0,0,0,0,20
sailorvivi8,sailorvivi8,,1,0,1,1,0,1,0,0,0,0,20
ShinizRM,ShinizRM,,1,0,1,1,0,1,0,0,0,0,20
SrtaTarsy,SrtaTarsy,,1,0,1,1,0,1,0,0,0,0,20
duetbusan,duetbusan,,1,0,1,1,0,1,0,0,0,0,20
naniiikpop,naniiikpop,,2,0,2,2,0,2,0,0,0,0,19
KryptonsArchive,KryptonsArchive,,1,4,5,1,4,5,1,1,1,0.000008,19
Johnross771,Johnross771,,1,0,1,1,0,1,0,0,0,0,14
byhopeok,byhopeok,,0,6,6,0,6,6,1,1,1,0,33
audreyrubi7,audreyrubi7,,1,0,1,1,0,1,0,0,0,0,33
eitamandinha,eitamandinha,,0,1,1,0,1,1,1,1,1,0,31
thiagomeirelesm,thiagomeirelesm,,1,0,1,1,0,1,0,0,0,0,31
jinfluence_,jinfluence_,,1,0,1,1,0,1,0,0,0,0,33
solzindobts,solzindobts,,1,0,1,1,0,1,0,0,0,0,33
akemimir,akemimir,,0,2,2,0,2,2,1,1,1,0,32
haga2112,haga2112,,1,0,1,1,0,1,0,0,0,0,32
spiderlau,spiderlau,,1,0,1,1,0,1,0,0,0,0,32
eurafab,eurafab,,1,0,1,1,0,1,0,0,0,0,33
NowFrost_,NowFrost_,,1,0,1,1,0,1,0,0,0,0,33
IamChrisF,IamChrisF,,1,0,1,1,0,1,0,0,0,0,33
MNNEWS6,MNNEWS6,,0,1,1,0,1,1,1,1,1,0,34
tevinobuzao,tevinobuzao,,1,0,1,1,0,1,0,0,0,0,34
thg_araujo,thg_araujo,,0,1,1,0,1,1,1,1,1,0,0
rogeriosmarinho,rogeriosmarinho,,0,9,9,0,9,9,1,1,1,0,38
Paulinhoapol,Paulinhoapol,,1,0,1,1,0,1,0,0,0,0,38
lucydohobi,lucydohobi,,0,1,1,0,1,1,1,1,1,0,35
_soulucy,_soulucy,,1,0,1,1,0,1,0,0,0,0,35
belacs_,belacs_,,0,14,14,0,14,14,1,1,1,0,37
FL0WERDI0R,FL0WERDI0R,,1,0,1,1,0,1,0,0,0,0,37
RandMBrasil,RandMBrasil,,0,1,1,0,1,1,1,1,1,0,36
yangeduz,yangeduz,,1,0,1,1,0,1,0,0,0,0,36
Delute7,Delute7,,1,0,1,1,0,1,0,0,0,0,38
_jadinha__,_jadinha__,,1,0,1,1,0,1,0,0,0,0,37
pjmyrefuge,pjmyrefuge,,1,0,1,1,0,1,0,0,0,0,19
rosane_bandeira,rosane_bandeira,,1,0,1,1,0,1,0,0,0,0,38
leh_mel2,leh_mel2,,1,0,1,1,0,1,0,0,0,0,37
isabeelreiis,isabeelreiis,,1,0,1,1,0,1,0,0,0,0,37
PhelipeSiqueir5,PhelipeSiqueir5,,1,0,1,1,0,1,0,0,0,0,37
sexynugg4ts,sexynugg4ts,,1,0,1,1,0,1,0,0,0,0,37
SolzinReborne,SolzinReborne,,1,0,1,1,0,1,0,0,0,0,37
Decoreba,Decoreba,,1,0,1,1,0,1,0,0,0,0,38
talaressa,talaressa,,1,0,1,1,0,1,0,0,0,0,37
isabelaadutraa,isabelaadutraa,,1,0,1,1,0,1,0,0,0,0,37
QueirosAnna,QueirosAnna,,1,0,1,1,0,1,0,0,0,0,37
clara63353135,clara63353135,,1,0,1,1,0,1,0,0,0,0,37
TetePeresszz,TetePeresszz,,1,0,1,1,0,1,0,0,0,0,37
_bela1009,_bela1009,,1,0,1,1,0,1,0,0,0,0,37
valadaresxande,valadaresxande,,1,0,1,1,0,1,0,0,0,0,37
namiki_br,namiki_br,,1,0,1,1,0,1,0,0,0,0,38
Francis88003648,Francis88003648,,1,0,1,1,0,1,0,0,0,0,38
FernandoLimaRa2,FernandoLimaRa2,,1,0,1,1,0,1,0,0,0,0,38
FAlexandreLL1,FAlexandreLL1,,1,0,1,1,0,1,0,0,0,0,38
Claramusician,Claramusician,,1,0,1,1,0,1,0,0,0,0,38
JuballMoyses,JuballMoyses,,1,1,2,2,2,4,0,0,0,0,39
GuntherGuedes,GuntherGuedes,,0,11,11,0,11,11,1,1,1,0,40
bruxadequintal,bruxadequintal,,1,0,1,1,0,1,0,0,0,0,40
NaliceF,NaliceF,,1,0,1,1,0,1,0,0,0,0,40
biaplena_,biaplena_,,1,0,1,1,0,1,0,0,0,0,40
marinaleaI,marinaleaI,,1,0,1,1,0,1,0,0,0,0,40
cansadanayara,cansadanayara,,1,0,1,1,0,1,0,0,0,0,40
sweetiemillay,sweetiemillay,,0,4,4,0,4,4,1,1,1,0,41
savcarstairs,savcarstairs,,1,0,1,1,0,1,0,0,0,0,41
kimeratrix,kimeratrix,,1,0,1,1,0,1,0,0,0,0,40
underoads,underoads,,1,0,1,1,0,1,0,0,0,0,40
gcfsjkk,gcfsjkk,,0,2,2,0,2,2,1,1,1,0,42
ArterSweet,ArterSweet,,1,0,1,1,0,1,0,0,0,0,42
Joelocon,Joelocon,,0,1,1,0,1,1,1,1,1,0,43
valeriaqibrasil,valeriaqibrasil,,1,0,1,1,0,1,0,0,0,0,43
chymmyvies,chymmyvies,,1,0,1,1,0,1,0,0,0,0,42
Amandrafts,Amandrafts,,1,0,1,1,0,1,0,0,0,0,40
dizluan_,dizluan_,,1,0,1,1,0,1,0,0,0,0,40
macsanto787,macsanto787,,0,25,25,0,25,25,1,1,1,0,67
hamenteslivres,hamenteslivres,,1,0,1,1,0,1,0,0,0,0,67
tentasssao,tentasssao,,1,0,1,1,0,1,0,0,0,0,40
brunamlr,brunamlr,,1,0,1,1,0,1,0,0,0,0,40
gicela_brasil,gicela_brasil,,1,0,1,1,0,1,0,0,0,0,67
itxsjuh,itxsjuh,,0,1,1,0,1,1,1,1,1,0,44
internacionalzp,internacionalzp,,1,0,1,1,0,1,0,0,0,0,44
yellowsadies,yellowsadies,,1,0,1,1,0,1,0,0,0,0,41
Mafalda_Vegana,Mafalda_Vegana,,1,0,1,1,0,1,0,0,0,0,67
TTdoAntunes,TTdoAntunes,,0,5,5,0,5,5,1,1,1,0,50
0zix88,0zix88,,1,0,1,1,0,1,0,0,0,0,50
flagantes_Rj,flagantes_Rj,,0,4,4,0,4,4,1,1,1,0,78
SigiloNi,SigiloNi,,1,0,1,1,0,1,0,0,0,0,78
mbbloml,mbbloml,,1,0,1,1,0,1,0,0,0,0,41
hechingercult,hechingercult,,1,0,1,1,0,1,0,0,0,0,41
heyitsbruno,heyitsbruno,,0,4,4,0,4,4,1,1,1,0,57
madaboutjudd,madaboutjudd,,1,0,1,1,0,1,0,0,0,0,57
Luiz870806,Luiz870806,,1,0,1,1,0,1,0,0,0,0,67
Luli250025,Luli250025,,1,3,4,1,3,4,1,1,1,0,45
IntrinsicGames,IntrinsicGames,,1,0,1,1,0,1,0,0,0,0,45
bellaciaubella,bellaciaubella,,1,0,1,1,0,1,0,0,0,0,67
Trunfim,Trunfim,,1,0,1,1,0,1,0,0,0,0,67
V4NTECHILD,V4NTECHILD,,0,1,1,0,1,1,1,1,1,0,46
makeupoln,makeupoln,,1,0,1,1,0,1,0,0,0,0,46
Duda_Cbrl,Duda_Cbrl,,0,2,2,0,2,2,1,1,1,0,47
mapaulanunes,mapaulanunes,,1,0,1,1,0,1,0,0,0,0,47
gaby_sccp7,gaby_sccp7,,1,0,1,1,0,1,0,0,0,0,19
jomarlov,jomarlov,,1,0,1,1,0,1,0,0,0,0,67
piresmafe_,piresmafe_,,1,0,1,1,0,1,0,0,0,0,47
howlljenkins,howlljenkins,,0,2,2,0,2,2,1,1,1,0,48
lotetetetis,lotetetetis,,1,0,1,1,0,1,0,0,0,0,48
livprata,livprata,,1,0,1,1,0,1,0,0,0,0,48
mysmyha,mysmyha,,0,1,1,0,1,1,1,1,1,0,49
Vantchim_,Vantchim_,,1,0,1,1,0,1,0,0,0,0,49
arthurtabellini,arthurtabellini,,1,0,1,1,0,1,0,0,0,0,50
fechguii,fechguii,,1,0,1,1,0,1,0,0,0,0,50
byheryka,byheryka,,1,0,1,1,0,1,0,0,0,0,19
ue_limaa,ue_limaa,,0,1,1,0,1,1,1,1,1,0,51
gus7a_v0,gus7a_v0,,1,0,1,1,0,1,0,0,0,0,51
neuilssu,neuilssu,,0,2,2,0,2,2,1,1,1,0,52
MayaButera7r,MayaButera7r,,1,0,1,1,0,1,0,0,0,0,52
candygirllzz,candygirllzz,,1,0,1,1,0,1,0,0,0,0,52
imoverhted,imoverhted,,0,2,2,0,2,2,1,1,1,0,53
xotadimel,xotadimel,,1,0,1,1,0,1,0,0,0,0,53
eduardodias1991,eduardodias1991,,1,0,1,1,0,1,0,0,0,0,19
onlyfansleticia,onlyfansleticia,,1,0,1,1,0,1,0,0,0,0,53
bisexualhowl,bisexualhowl,,0,2,2,0,2,2,1,1,1,0,54
bessakkj,bessakkj,,1,0,1,1,0,1,0,0,0,0,54
kaeyatetao,kaeyatetao,,1,0,1,1,0,1,0,0,0,0,54
quinzelgf,quinzelgf,,0,1,1,0,1,1,1,1,1,0,55
ataldaamanu,ataldaamanu,,1,0,1,1,0,1,0,0,0,0,55
portwgsdace,portwgsdace,,0,1,1,0,1,1,1,1,1,0,56
pstergwen,pstergwen,,1,0,1,1,0,1,0,0,0,0,56
alexiaasousaa,alexiaasousaa,,1,0,1,1,0,1,0,0,0,0,57
Han_yhas,Han_yhas,,1,0,1,1,0,1,0,0,0,0,50
italosguima,italosguima,,1,0,1,1,0,1,0,0,0,0,50
putsdiego,putsdiego,,0,1,1,0,1,1,1,1,1,0,58
alienandha,alienandha,,1,0,1,1,0,1,0,0,0,0,58
shjoany,shjoany,,0,1,1,0,1,1,1,1,1,0,59
joalintrace,joalintrace,,1,0,1,1,0,1,0,0,0,0,59
hcfuracao,hcfuracao,,1,0,1,1,0,1,0,0,0,0,19
nirvanamalfoy13,nirvanamalfoy13,,1,0,1,1,0,1,0,0,0,0,57
gikinhagameplay,gikinhagameplay,,1,0,1,1,0,1,0,0,0,0,57
cruelbummer,cruelbummer,,0,1,1,0,1,1,1,1,1,0,60
teagow,teagow,,1,0,1,1,0,1,0,0,0,0,60
vnuneso,vnuneso,,1,0,1,1,0,1,0,0,0,0,19
luizswtener,luizswtener,,0,1,1,0,1,1,1,1,1,0,61
gwshead,gwshead,,1,0,1,1,0,1,0,0,0,0,61
StefaniGeulia,StefaniGeulia,,1,0,1,1,0,1,0,0,0,0,19
LyraEdu,LyraEdu,,1,0,1,1,0,1,0,0,0,0,67
NazarethHeloisa,NazarethHeloisa,,1,0,1,1,0,1,0,0,0,0,67
Cabral1957Paulo,Cabral1957Paulo,,1,0,1,1,0,1,0,0,0,0,67
palmeriodoria,palmeriodoria,,1,0,1,1,0,1,0,0,0,0,67
berrybr0wnie,berrybr0wnie,,0,1,1,0,1,1,1,1,1,0,62
majufpolezih,majufpolezih,,1,0,1,1,0,1,0,0,0,0,62
PauloCe03162229,PauloCe03162229,,1,0,1,1,0,1,0,0,0,0,67
LulaParaSempre,LulaParaSempre,,1,0,1,1,0,1,0,0,0,0,67
RavanedaJulio,RavanedaJulio,,1,0,1,1,0,1,0,0,0,0,67
InfoGirafa,InfoGirafa,,0,7,7,0,10,10,1,1,1,0,63
copinho_swiftie,copinho_swiftie,,3,0,3,5,0,5,0,0,0,0,63
iscoelho5046,iscoelho5046,,1,0,1,1,0,1,0,0,0,0,67
ranucacto,ranucacto,,4,0,4,5,0,5,0,0,0,0,63
bicalhou,bicalhou,,1,0,1,1,0,1,0,0,0,0,63
bkaalimann,bkaalimann,,1,0,1,2,0,2,0,0,0,0,63
tmariadiego,tmariadiego,,1,0,1,1,0,1,0,0,0,0,67
qgranu,qgranu,,0,6,6,0,8,8,1,1,1,0,63
assranu,assranu,,1,0,1,1,0,1,0,0,0,0,63
ranuincrivel,ranuincrivel,,1,0,1,2,0,2,0,0,0,0,63
blogmarcoslopes,blogmarcoslopes,,0,2,2,0,2,2,1,1,1,0,64
mauridasilvapi2,mauridasilvapi2,,1,0,1,1,0,1,0,0,0,0,64
ZhenitoGuedes,ZhenitoGuedes,,1,0,1,1,0,1,0,0,0,0,64
erivangts10,erivangts10,,1,0,1,1,0,1,0,0,0,0,67
Mara67449398,Mara67449398,,1,0,1,1,0,1,0,0,0,0,19
emohyejo,emohyejo,,0,1,1,0,1,1,1,1,1,0,65
ghiblicrystals,ghiblicrystals,,1,0,1,1,0,1,0,0,0,0,65
DiarioDoRio,DiarioDoRio,,0,1,1,0,1,1,1,1,1,0,66
SantAnnasrSonia,SantAnnasrSonia,,1,0,1,1,0,1,0,0,0,0,66
Adote1Amigo,Adote1Amigo,,1,0,1,1,0,1,0,0,0,0,67
darasp1,darasp1,,1,0,1,1,0,1,0,0,0,0,67
alexandrecct,alexandrecct,,1,0,1,1,0,1,0,0,0,0,67
meugulagminhav,meugulagminhav,,1,0,1,1,0,1,0,0,0,0,67
kabokiko,kabokiko,,1,0,1,1,0,1,0,0,0,0,67
AngeloRomanoPan,AngeloRomanoPan,,1,0,1,1,0,1,0,0,0,0,67
VelindaDe,VelindaDe,,1,0,1,1,0,1,0,0,0,0,67
Criss_Lopes_,Criss_Lopes_,,1,0,1,1,0,1,0,0,0,0,19
OperacoesRio,OperacoesRio,,0,2,2,0,2,2,1,1,1,0,68
Monit_SEG_BR,Monit_SEG_BR,,1,0,1,1,0,1,0,0,0,0,68
CrodriguesTere,CrodriguesTere,,1,0,1,1,0,1,0,0,0,0,68
Jay_SCCP,Jay_SCCP,,2,0,2,3,0,3,0,0,0,0,19
dannyelleellen1,dannyelleellen1,,1,0,1,1,0,1,0,0,0,0,19
sccpeduardax,sccpeduardax,,1,0,1,1,0,1,0,0,0,0,19
Mulher_Noticia,Mulher_Noticia,,1,0,1,1,0,1,0,0,0,0,19
palmirasccp,palmirasccp,,2,0,2,3,0,3,0,0,0,0,19
MarcileneGS,MarcileneGS,,1,0,1,1,0,1,0,0,0,0,19
VitalinoLuciana,VitalinoLuciana,,1,0,1,1,0,1,0,0,0,0,19
sofyxaa,sofyxaa,,1,0,1,1,0,1,0,0,0,0,19
helleng2g,helleng2g,,1,0,1,1,0,1,0,0,0,0,19
gabionlife,gabionlife,,1,0,1,1,0,1,0,0,0,0,19
stratocarla,stratocarla,,1,0,1,1,0,1,0,0,0,0,19
unlostpoly,unlostpoly,,0,8,8,0,8,8,1,1,1,0,69
prsephoness,prsephoness,,1,0,1,1,0,1,0,0,0,0,69
vgsa_,vgsa_,,1,0,1,1,0,1,0,0,0,0,69
marecgs,marecgs,,1,0,1,1,0,1,0,0,0,0,69
Liz_Jspht,Liz_Jspht,,1,0,1,1,0,1,0,0,0,0,69
melveviel,melveviel,,1,0,1,1,0,1,0,0,0,0,69
thegicamp,thegicamp,,1,0,1,1,0,1,0,0,0,0,69
cherrymayfair,cherrymayfair,,1,0,1,1,0,1,0,0,0,0,69
enjoycex5,enjoycex5,,1,0,1,1,0,1,0,0,0,0,19
joannemonster,joannemonster,,1,0,1,1,0,1,0,0,0,0,69
francis24972892,francis24972892,,0,1,1,0,1,1,1,1,1,0,70
Marianaa_2023,Marianaa_2023,,1,0,1,1,0,1,0,0,0,0,70
Angelica_Souza,Angelica_Souza,,1,0,1,1,0,1,0,0,0,0,19
palmeiraszip,palmeiraszip,,1,0,1,1,0,1,0,0,0,0,19
fernandapsol,fernandapsol,,0,1,1,0,1,1,1,1,1,0,71
francis17449596,francis17449596,,1,0,1,1,0,1,0,0,0,0,71
anittaontop,anittaontop,,0,1,1,0,1,1,1,1,1,0,72
AquiAnitters,AquiAnitters,,1,0,1,1,0,1,0,0,0,0,72
army_loveyours,army_loveyours,,1,0,1,1,0,1,0,0,0,0,19
hopwfilm,hopwfilm,,1,0,1,1,0,1,0,0,0,0,19
Yure30111952,Yure30111952,,0,1,1,0,1,1,1,1,1,0,73
JacoOmiguel,JacoOmiguel,,1,0,1,1,0,1,0,0,0,0,73
Jullipero1972,Jullipero1972,,1,0,1,1,0,1,0,0,0,0,45
notdianaross,notdianaross,,0,1,1,0,1,1,1,1,1,0,22
Obscure29010915,Obscure29010915,,1,0,1,1,0,1,0,0,0,0,78
Filipes13842391,Filipes13842391,,1,0,1,1,0,1,0,0,0,0,78
alfrenewton,alfrenewton,,0,4,4,0,4,4,1,1,1,0,74
JoaoNas77676979,JoaoNas77676979,,1,0,1,1,0,1,0,0,0,0,74
jessicaliar,jessicaliar,,0,3,3,0,6,6,1,1,1,0,75
CleoK3,CleoK3,,1,0,1,2,0,2,0,0,0,0,75
andre1TV,andre1TV,,1,0,1,2,0,2,0,0,0,0,75
felipe_falkiner,felipe_falkiner,,1,0,1,2,0,2,0,0,0,0,75
brhapsdy,brhapsdy,,0,1,1,0,1,1,1,1,1,0,76
fdss_juu,fdss_juu,,1,0,1,1,0,1,0,0,0,0,76
baeles2,baeles2,,0,3,3,0,3,3,1,1,1,0,77
EddValera,EddValera,,1,0,1,1,0,1,0,0,0,0,77
adriaYA1,adriaYA1,,1,0,1,1,0,1,0,0,0,0,19
expectluthor,expectluthor,,1,0,1,1,0,1,0,0,0,0,19
Lucassamuray,Lucassamuray,,1,0,1,1,0,1,0,0,0,0,19
peronchovid46,peronchovid46,,1,0,1,1,0,1,0,0,0,0,77
liaguedes,liaguedes,,0,2,2,0,2,2,1,1,1,0,81
Wii_chess,Wii_chess,,1,0,1,1,0,1,0,0,0,0,81
tbagdiana,tbagdiana,,1,0,1,1,0,1,0,0,0,0,19
lules_glam,lules_glam,,1,0,1,1,0,1,0,0,0,0,77
dcumoviepage,dcumoviepage,,1,0,1,1,0,1,0,0,0,0,19
promodeamiga_,promodeamiga_,,0,2,2,0,4,4,1,1,1,0,88
Sonhodospess,Sonhodospess,,1,0,1,2,0,2,0,0,0,0,88
Mlk_de_boa,Mlk_de_boa,,1,0,1,1,0,1,0,0,0,0,78
felipeojr,felipeojr,,0,1,1,0,1,1,1,1,1,0,79
quackybubblesr,quackybubblesr,,1,0,1,1,0,1,0,0,0,0,79
juzinhapacks,juzinhapacks,,0,5,5,0,5,5,1,1,1,0,80
Neguinhodivulg1,Neguinhodivulg1,,1,0,1,1,0,1,0,0,0,0,80
feedbackdepacks,feedbackdepacks,,1,0,1,1,0,1,0,0,0,0,80
ChubbyHotGuy,ChubbyHotGuy,,1,0,1,1,0,1,0,0,0,0,80
Lukas_Anonimo21,Lukas_Anonimo21,,1,0,1,1,0,1,0,0,0,0,80
Mr_i_Me,Mr_i_Me,,1,0,1,1,0,1,0,0,0,0,80
thiventure,thiventure,,1,0,1,1,0,1,0,0,0,0,81
amsndaribeiro,amsndaribeiro,,0,1,1,0,1,1,1,1,1,0,82
majuslopess,majuslopess,,1,0,1,1,0,1,0,0,0,0,82
cadulorena,cadulorena,,0,3,3,0,3,3,1,1,1,0,83
felipem_ab,felipem_ab,,1,0,1,1,0,1,0,0,0,0,83
gatosabado,gatosabado,,1,0,1,1,0,1,0,0,0,0,83
luaninhamay21,luaninhamay21,,0,1,1,0,1,1,1,1,1,0,84
geysimss,geysimss,,1,0,1,1,0,1,0,0,0,0,84
BrigitteSCollet,BrigitteSCollet,,0,1,1,0,1,1,1,1,1,0,85
ConsulatRJ,ConsulatRJ,,1,0,1,1,0,1,0,0,0,0,85
Cloro_QNada,Cloro_QNada,,1,0,1,1,0,1,0,0,0,0,74
LuisPedroVazqu1,LuisPedroVazqu1,,0,1,1,0,1,1,1,1,1,0,86
Da__Eliz,Da__Eliz,,1,0,1,1,0,1,0,0,0,0,86
Anderso70969994,Anderso70969994,,1,0,1,1,0,1,0,0,0,0,74
CrisLee99,CrisLee99,,1,0,1,1,0,1,0,0,0,0,74
itsbrunah__,itsbrunah__,,0,3,3,0,3,3,1,1,1,0,87
lonelydnces,lonelydnces,,1,0,1,1,0,1,0,0,0,0,87
descontocea,descontocea,,1,0,1,2,0,2,0,0,0,0,88
JasmimDflor,JasmimDflor,,1,0,1,1,0,1,0,0,0,0,87
jacqueandrade_,jacqueandrade_,,0,1,1,0,1,1,1,1,1,0,89
lovehngvr,lovehngvr,,1,0,1,1,0,1,0,0,0,0,89
amethyst2209,amethyst2209,,1,0,1,1,0,1,0,0,0,0,87
sand0k4,sand0k4,,0,1,1,0,1,1,1,1,1,0,90
ProcessinhoBR,ProcessinhoBR,,1,0,1,1,0,1,0,0,0,0,90
QGgirafa,QGgirafa,,0,2,2,0,2,2,1,1,1,0,91
Patricyaabreu_,Patricyaabreu_,,1,0,1,1,0,1,0,0,0,0,91
PortalGirafa,PortalGirafa,,0,8,8,0,8,8,1,1,1,0,63
bicalho_Mills,bicalho_Mills,,1,0,1,1,0,1,0,0,0,0,63
lprstreaming,lprstreaming,,0,1,1,0,1,1,1,1,1,0,92
DivinaCommediaQ,DivinaCommediaQ,,1,0,1,1,0,1,0,0,0,0,92
cla_patricinha,cla_patricinha,,1,0,1,1,0,1,0,0,0,0,63
isackalimann,isackalimann,,1,0,1,1,0,1,0,0,0,0,63
DivulgaRafaK,DivulgaRafaK,,0,6,6,0,6,6,1,1,1,0,63
TheCarolzs,TheCarolzs,,1,0,1,1,0,1,0,0,0,0,63
miickgr,miickgr,,1,0,1,1,0,1,0,0,0,0,63
Vivernasnuvens,Vivernasnuvens,,1,0,1,1,0,1,0,0,0,0,63
_Gibicalho,_Gibicalho,,1,0,1,1,0,1,0,0,0,0,91
luzineidemoura6,luzineidemoura6,,1,0,1,1,0,1,0,0,0,0,63
rkgb_girafa,rkgb_girafa,,2,0,2,2,0,2,0,0,0,0,63
MeiriRANU,MeiriRANU,,1,0,1,1,0,1,0,0,0,0,63
laura_rayy,laura_rayy,,1,0,1,1,0,1,0,0,0,0,63
Tuitaapaam,Tuitaapaam,,1,0,1,1,0,1,0,0,0,0,63
gizellubicalho,gizellubicalho,,1,0,1,1,0,1,0,0,0,0,63
mycomenta,mycomenta,,1,0,1,1,0,1,0,0,0,0,63
SelenaLoverRanu,SelenaLoverRanu,,1,0,1,1,0,1,0,0,0,0,63
Paula43376528,Paula43376528,,1,0,1,1,0,1,0,0,0,0,63
alexandreeelf,alexandreeelf,,0,3,3,0,3,3,1,1,1,0,93
isentaoraiz,isentaoraiz,,1,0,1,1,0,1,0,0,0,0,93
botts___,botts___,,1,0,1,1,0,1,0,0,0,0,93
BRcomliberdade,BRcomliberdade,,1,0,1,1,0,1,0,0,0,0,93
ThiagoResiste,ThiagoResiste,,0,1,1,0,1,1,1,1,1,0,94
Simone_deMello,Simone_deMello,,1,0,1,1,0,1,0,0,0,0,94
buddy_ferrara,buddy_ferrara,,0,1,1,0,1,1,1,1,1,0,95
_riachu,_riachu,,6,0,6,7,0,7,0,0,0,0,95
thussyeater,thussyeater,,0,1,1,0,2,2,1,1,1,0,95
BobbyBoucher02H,BobbyBoucher02H,,0,1,1,0,1,1,1,1,1,0,96
HilareeBanks,HilareeBanks,,1,0,1,1,0,1,0,0,0,0,96
da11as911,da11as911,,0,4,4,0,6,6,1,1,1,0,97
TTVKing,TTVKing,,1,0,1,2,0,2,0,0,0,0,97
_ericuhh_,_ericuhh_,,1,0,1,1,0,1,0,0,0,0,97
theycallmedrizz,theycallmedrizz,,1,0,1,1,0,1,0,0,0,0,97
ReturnoftheZack,ReturnoftheZack,,1,0,1,2,0,2,0,0,0,0,97
isleofmichelle,isleofmichelle,,0,1,1,0,1,1,1,1,1,0,95
LlLNUZIVERT,LlLNUZIVERT,,0,1,1,0,1,1,1,1,1,0,95
AuxGod_,AuxGod_,,0,1,1,0,1,1,1,1,1,0,95
claire_patino,claire_patino,,0,1,1,0,1,1,1,1,1,0,95
